branch,source_pr,source_sha,successor,disposition,present,evidence
agent/event-discovery,,7225a65bc9599bcd5791d0dd730904d66c7f536f,main,1 absent ref; source fully present in main,False,"{""sourceContainedInMain"":true,""sourceContainedInShippedRelease"":true,""initialSourceContainedInMain"":true,""initialSha"":""7225a65bc9599bcd5791d0dd730904d66c7f536f"",""firstRecordedSha"":""7225a65bc9599bcd5791d0dd730904d66c7f536f"",""currentSha"":null,""successorAncestry"":[145],""action"":{""repo"":""tdf-mobile"",""branch"":""agent/event-discovery"",""sha"":""7225a65bc9599bcd5791d0dd730904d66c7f536f"",""action"":""deleted fully-main-contained ref"",""main"":""12a472ecb68e9a9c0bcba81baf0fafa551d59253"",""timestamp"":""2026-10-03T23:38:37.463152+00:00""},""prState"":null,""recoveryBundle"":""tdf-mobile-preprune.bundle""}"
aria/exp-single-feature-onboarding-v1-posthog-spec,,b1b146cd5647d37ca3d50b5c33b5f60b02b96f72,main,1 absent ref; source fully present in main,False,"{""sourceContainedInMain"":true,""sourceContainedInShippedRelease"":true,""initialSourceContainedInMain"":true,""initialSha"":""b1b146cd5647d37ca3d50b5c33b5f60b02b96f72"",""firstRecordedSha"":""b1b146cd5647d37ca3d50b5c33b5f60b02b96f72"",""currentSha"":null,""successorAncestry"":[145],""action"":{""repo"":""tdf-mobile"",""branch"":""aria/exp-single-feature-onboarding-v1-posthog-spec"",""sha"":""b1b146cd5647d37ca3d50b5c33b5f60b02b96f72"",""action"":""deleted fully-main-contained ref"",""main"":""12a472ecb68e9a9c0bcba81baf0fafa551d59253"",""timestamp"":""2026-10-03T23:38:37.463333+00:00""},""prState"":null,""recoveryBundle"":""tdf-mobile-preprune.bundle""}"
audit/consolidated-pin-20261005,143,76d19fc2da965d2050df4b94e77a1d080d2e0799,main (ancestry verified; branch deletion actor not recorded),1 absent ref; source fully present in main,False,"{""sourceContainedInMain"":true,""sourceContainedInShippedRelease"":true,""initialSourceContainedInMain"":true,""initialSha"":null,""firstRecordedSha"":""76d19fc2da965d2050df4b94e77a1d080d2e0799"",""currentSha"":null,""successorAncestry"":[145],""action"":null,""prState"":""MERGED"",""recoveryBundle"":""tdf-mobile-preprune.bundle""}"
audit/consolidated-tax-conformance-20261006,144,c08b478bbfbb02845b3b45a02fbd33d6f41b8a97,release/ticket-inclusive-main-compat-20261005 -> root main/491,3 source ancestry preserved in reachable shipped compatibility release; root main/491 integration and companion review remain separately qualified,False,"{""sourceContainedInMain"":false,""sourceContainedInShippedRelease"":true,""initialSourceContainedInMain"":false,""initialSha"":null,""firstRecordedSha"":""c08b478bbfbb02845b3b45a02fbd33d6f41b8a97"",""currentSha"":null,""successorAncestry"":[],""action"":null,""prState"":""MERGED"",""recoveryBundle"":""tdf-mobile-preprune.bundle""}"
audit/event-operations-client-20260928,115,ede1f2a0ccf75f3794c7892f291e1751b279d19e,main (ancestry verified; branch deletion actor not recorded),1 absent ref; source fully present in main,False,"{""sourceContainedInMain"":true,""sourceContainedInShippedRelease"":true,""initialSourceContainedInMain"":true,""initialSha"":""ede1f2a0ccf75f3794c7892f291e1751b279d19e"",""firstRecordedSha"":""ede1f2a0ccf75f3794c7892f291e1751b279d19e"",""currentSha"":null,""successorAncestry"":[145],""action"":null,""prState"":""MERGED"",""recoveryBundle"":""tdf-mobile-preprune.bundle""}"
audit/operations-metrics-consolidated-20261005,138,6297e3f137126350aa485690bf89de19e82d3c25,main (ancestry verified; branch deletion actor not recorded),1 absent ref; source fully present in main,False,"{""sourceContainedInMain"":true,""sourceContainedInShippedRelease"":true,""initialSourceContainedInMain"":true,""initialSha"":null,""firstRecordedSha"":""6297e3f137126350aa485690bf89de19e82d3c25"",""currentSha"":null,""successorAncestry"":[145],""action"":null,""prState"":""MERGED"",""recoveryBundle"":""tdf-mobile-preprune.bundle""}"
audit/operations-metrics-contract-20261005,137,a280e0d53f7cab5410084898c0ae0277c029fe4c,main (ancestry verified; branch deletion actor not recorded),1 absent ref; source fully present in main,False,"{""sourceContainedInMain"":true,""sourceContainedInShippedRelease"":true,""initialSourceContainedInMain"":true,""initialSha"":null,""firstRecordedSha"":""a280e0d53f7cab5410084898c0ae0277c029fe4c"",""currentSha"":null,""successorAncestry"":[145],""action"":null,""prState"":""MERGED"",""recoveryBundle"":""tdf-mobile-preprune.bundle""}"
audit/readiness-contract-20261005,,dc981fee203b95f3993afb5eebf6b070d4e72aa8,d5e217a7a877e2bdf5c5cf7c84be96e7ce7d77ff,1 absent ref; source fully present in main,False,"{""sourceContainedInMain"":true,""sourceContainedInShippedRelease"":true,""initialSourceContainedInMain"":true,""initialSha"":null,""firstRecordedSha"":""dc981fee203b95f3993afb5eebf6b070d4e72aa8"",""currentSha"":null,""successorAncestry"":[145],""action"":{""repo"":""tdf-mobile"",""branch"":""audit/readiness-contract-20261005"",""sha"":""dc981fee203b95f3993afb5eebf6b070d4e72aa8"",""action"":""deleted fully-main-contained ref after verified merge tree and postmerge gates"",""successor"":""d5e217a7a877e2bdf5c5cf7c84be96e7ce7d77ff"",""evidence"":{""ancestry"":true,""postMergeRuns"":[{""conclusion"":""success"",""databaseId"":37405553752,""name"":""Run Datadog Synthetic tests"",""status"":""completed""},{""conclusion"":""success"",""databaseId"":37405553734,""name"":""Mobile Validate"",""status"":""completed""}],""bundle"":""/private/tmp/tdf-current-audit-20261003/mobile-d5-retired.bundle"",""openPRs"":0,""protected"":false,""expectedSHALease"":true},""at"":""2026-10-06T03:47:51.429039+00:00""},""prState"":null,""recoveryBundle"":""tdf-mobile-preprune.bundle""}"
audit/receipt-contract-20261005,140,4cf82e2d3dd290553e71f5a3b516b4e517676bc3,main (ancestry verified; branch deletion actor not recorded),1 absent ref; source fully present in main,False,"{""sourceContainedInMain"":true,""sourceContainedInShippedRelease"":false,""initialSourceContainedInMain"":true,""initialSha"":null,""firstRecordedSha"":""4cf82e2d3dd290553e71f5a3b516b4e517676bc3"",""currentSha"":null,""successorAncestry"":[145],""action"":null,""prState"":""MERGED"",""recoveryBundle"":""tdf-mobile-preprune.bundle""}"
audit/security-advisories-20261006,145,1ef157072e8bc5b59ed115d32ba438c08c47ed04,,7 compatible dependency advisory patches; 611 tests/release checks/Doctor/signing/Metro pass; all current-head Validate/Datadog/Android/simulator checks pass; independent review required; qualified root companion d9616cfdb intended for495,True,"{""sourceContainedInMain"":false,""sourceContainedInShippedRelease"":false,""initialSourceContainedInMain"":false,""initialSha"":null,""firstRecordedSha"":""1ef157072e8bc5b59ed115d32ba438c08c47ed04"",""currentSha"":""1ef157072e8bc5b59ed115d32ba438c08c47ed04"",""successorAncestry"":[],""action"":null,""prState"":""OPEN"",""recoveryBundle"":""tdf-mobile-preprune.bundle""}"
audit/shipped-ci-integrity-20261005,132,d451e224f35fd001973b426df0af302bfb96bdd8,main (ancestry verified; branch deletion actor not recorded),1 absent ref; source fully present in main,False,"{""sourceContainedInMain"":true,""sourceContainedInShippedRelease"":true,""initialSourceContainedInMain"":true,""initialSha"":null,""firstRecordedSha"":""d451e224f35fd001973b426df0af302bfb96bdd8"",""currentSha"":null,""successorAncestry"":[145],""action"":null,""prState"":""MERGED"",""recoveryBundle"":""tdf-mobile-preprune.bundle""}"
audit/spec-conformance-20261004,129,ff10746207ba5b57428560db64fb255d7417a481,main (ancestry verified; branch deletion actor not recorded),1 absent ref; source fully present in main,False,"{""sourceContainedInMain"":true,""sourceContainedInShippedRelease"":true,""initialSourceContainedInMain"":true,""initialSha"":null,""firstRecordedSha"":""ff10746207ba5b57428560db64fb255d7417a481"",""currentSha"":null,""successorAncestry"":[145],""action"":null,""prState"":""MERGED"",""recoveryBundle"":""tdf-mobile-preprune.bundle""}"
audit/subject-contract-20261005,133,245867a216b5081d07722918e05be180f681633d,main (ancestry verified; branch deletion actor not recorded),1 absent ref; source fully present in main,False,"{""sourceContainedInMain"":true,""sourceContainedInShippedRelease"":true,""initialSourceContainedInMain"":true,""initialSha"":null,""firstRecordedSha"":""245867a216b5081d07722918e05be180f681633d"",""currentSha"":null,""successorAncestry"":[145],""action"":null,""prState"":""MERGED"",""recoveryBundle"":""tdf-mobile-preprune.bundle""}"
codex/mobile-publishing-audit-docs,,868d8a0186695e3be209a2b53043d34d752cb278,main,1 absent ref; source fully present in main,False,"{""sourceContainedInMain"":true,""sourceContainedInShippedRelease"":true,""initialSourceContainedInMain"":true,""initialSha"":""868d8a0186695e3be209a2b53043d34d752cb278"",""firstRecordedSha"":""868d8a0186695e3be209a2b53043d34d752cb278"",""currentSha"":null,""successorAncestry"":[145],""action"":{""repo"":""tdf-mobile"",""branch"":""codex/mobile-publishing-audit-docs"",""sha"":""868d8a0186695e3be209a2b53043d34d752cb278"",""action"":""deleted fully-main-contained ref"",""main"":""12a472ecb68e9a9c0bcba81baf0fafa551d59253"",""timestamp"":""2026-10-03T23:38:37.463356+00:00""},""prState"":null,""recoveryBundle"":""tdf-mobile-preprune.bundle""}"
codex/payment-held-refund-query-contract-20260916,85,b9222df77d0a187cca4359278704362ec17fb3af,main (ancestry verified; branch deletion actor not recorded),1 absent ref; source fully present in main,False,"{""sourceContainedInMain"":true,""sourceContainedInShippedRelease"":true,""initialSourceContainedInMain"":true,""initialSha"":""b9222df77d0a187cca4359278704362ec17fb3af"",""firstRecordedSha"":""b9222df77d0a187cca4359278704362ec17fb3af"",""currentSha"":null,""successorAncestry"":[145],""action"":null,""prState"":""MERGED"",""recoveryBundle"":""tdf-mobile-preprune.bundle""}"
codex/payment-query-observability-contract-20260915,81,d84fc3196202f2ac2468f78816b3c98fb4a22144,main (ancestry verified; branch deletion actor not recorded),1 absent ref; source fully present in main,False,"{""sourceContainedInMain"":true,""sourceContainedInShippedRelease"":true,""initialSourceContainedInMain"":true,""initialSha"":""d84fc3196202f2ac2468f78816b3c98fb4a22144"",""firstRecordedSha"":""d84fc3196202f2ac2468f78816b3c98fb4a22144"",""currentSha"":null,""successorAncestry"":[145],""action"":null,""prState"":""MERGED"",""recoveryBundle"":""tdf-mobile-preprune.bundle""}"
codex/payment-reconciliation-evidence-contract-20260915,82,33720ef45b0565005c4b54b0e0c106cc93831613,main (ancestry verified; branch deletion actor not recorded),1 absent ref; source fully present in main,False,"{""sourceContainedInMain"":true,""sourceContainedInShippedRelease"":true,""initialSourceContainedInMain"":true,""initialSha"":""33720ef45b0565005c4b54b0e0c106cc93831613"",""firstRecordedSha"":""33720ef45b0565005c4b54b0e0c106cc93831613"",""currentSha"":null,""successorAncestry"":[145],""action"":null,""prState"":""MERGED"",""recoveryBundle"":""tdf-mobile-preprune.bundle""}"
codex/payment-recovery-contract-20260914,79,9c86c459081b32b47579b9c95c8514029225ad75,main (ancestry verified; branch deletion actor not recorded),1 absent ref; source fully present in main,False,"{""sourceContainedInMain"":true,""sourceContainedInShippedRelease"":true,""initialSourceContainedInMain"":true,""initialSha"":""9c86c459081b32b47579b9c95c8514029225ad75"",""firstRecordedSha"":""9c86c459081b32b47579b9c95c8514029225ad75"",""currentSha"":null,""successorAncestry"":[145],""action"":null,""prState"":""MERGED"",""recoveryBundle"":""tdf-mobile-preprune.bundle""}"
codex/payment-stack-contract-integration-20260916,88,b3ae7a522866f55e6ebc8d315cae5f5eb767bb14,main (ancestry verified; branch deletion actor not recorded),1 absent ref; source fully present in main,False,"{""sourceContainedInMain"":true,""sourceContainedInShippedRelease"":true,""initialSourceContainedInMain"":true,""initialSha"":""ff77c2060034762f69aed81473c8f94a25684d7e"",""firstRecordedSha"":""ff77c2060034762f69aed81473c8f94a25684d7e"",""currentSha"":null,""successorAncestry"":[145],""action"":null,""prState"":""MERGED"",""recoveryBundle"":""tdf-mobile-preprune.bundle""}"
codex/platform-internationalization,,75c1fbb9a61ca80549ede8c7908d013f2a8f4c83,main,1 absent ref; source fully present in main,False,"{""sourceContainedInMain"":true,""sourceContainedInShippedRelease"":true,""initialSourceContainedInMain"":true,""initialSha"":""75c1fbb9a61ca80549ede8c7908d013f2a8f4c83"",""firstRecordedSha"":""75c1fbb9a61ca80549ede8c7908d013f2a8f4c83"",""currentSha"":null,""successorAncestry"":[145],""action"":{""repo"":""tdf-mobile"",""branch"":""codex/platform-internationalization"",""sha"":""75c1fbb9a61ca80549ede8c7908d013f2a8f4c83"",""action"":""deleted fully-main-contained ref"",""main"":""12a472ecb68e9a9c0bcba81baf0fafa551d59253"",""timestamp"":""2026-10-03T23:38:37.463375+00:00""},""prState"":null,""recoveryBundle"":""tdf-mobile-preprune.bundle""}"
codex/provider-neutral-ticket-checkout-20260911,78,90a08f56fcd8df08dac2effd9253bceeb2c3e9a8,main (ancestry verified; branch deletion actor not recorded),1 absent ref; source fully present in main,False,"{""sourceContainedInMain"":true,""sourceContainedInShippedRelease"":true,""initialSourceContainedInMain"":true,""initialSha"":""90a08f56fcd8df08dac2effd9253bceeb2c3e9a8"",""firstRecordedSha"":""90a08f56fcd8df08dac2effd9253bceeb2c3e9a8"",""currentSha"":null,""successorAncestry"":[145],""action"":null,""prState"":""MERGED"",""recoveryBundle"":""tdf-mobile-preprune.bundle""}"
codex/studio-internship-audit,,dac57203f81c66b2ef6cf015daf00d5773fc304b,main,1 absent ref; source fully present in main,False,"{""sourceContainedInMain"":true,""sourceContainedInShippedRelease"":true,""initialSourceContainedInMain"":true,""initialSha"":""dac57203f81c66b2ef6cf015daf00d5773fc304b"",""firstRecordedSha"":""dac57203f81c66b2ef6cf015daf00d5773fc304b"",""currentSha"":null,""successorAncestry"":[145],""action"":{""repo"":""tdf-mobile"",""branch"":""codex/studio-internship-audit"",""sha"":""dac57203f81c66b2ef6cf015daf00d5773fc304b"",""action"":""deleted fully-main-contained ref"",""main"":""12a472ecb68e9a9c0bcba81baf0fafa551d59253"",""timestamp"":""2026-10-03T23:38:37.463412+00:00""},""prState"":null,""recoveryBundle"":""tdf-mobile-preprune.bundle""}"
codex/verified-review-system,,ba02fa87771056eeef7a01d52fa650bd6d2b635b,main,1 absent ref; source fully present in main,False,"{""sourceContainedInMain"":true,""sourceContainedInShippedRelease"":true,""initialSourceContainedInMain"":true,""initialSha"":""ba02fa87771056eeef7a01d52fa650bd6d2b635b"",""firstRecordedSha"":""ba02fa87771056eeef7a01d52fa650bd6d2b635b"",""currentSha"":null,""successorAncestry"":[145],""action"":{""repo"":""tdf-mobile"",""branch"":""codex/verified-review-system"",""sha"":""ba02fa87771056eeef7a01d52fa650bd6d2b635b"",""action"":""deleted fully-main-contained ref"",""main"":""12a472ecb68e9a9c0bcba81baf0fafa551d59253"",""timestamp"":""2026-10-03T23:38:37.463425+00:00""},""prState"":null,""recoveryBundle"":""tdf-mobile-preprune.bundle""}"
continuous-improvement-loop/dirty/codex/mobile-publishing-audit-docs/dirty-worktree-2026-04-08t01-06-07,,30d5bfb17194f738175a8ceb6c4a3f0d9741878c,main,1 absent ref; source fully present in main,False,"{""sourceContainedInMain"":true,""sourceContainedInShippedRelease"":true,""initialSourceContainedInMain"":true,""initialSha"":""30d5bfb17194f738175a8ceb6c4a3f0d9741878c"",""firstRecordedSha"":""30d5bfb17194f738175a8ceb6c4a3f0d9741878c"",""currentSha"":null,""successorAncestry"":[145],""action"":{""repo"":""tdf-mobile"",""branch"":""continuous-improvement-loop/dirty/codex/mobile-publishing-audit-docs/dirty-worktree-2026-04-08t01-06-07"",""sha"":""30d5bfb17194f738175a8ceb6c4a3f0d9741878c"",""action"":""deleted fully-main-contained ref"",""main"":""12a472ecb68e9a9c0bcba81baf0fafa551d59253"",""timestamp"":""2026-10-03T23:38:37.463697+00:00""},""prState"":null,""recoveryBundle"":""tdf-mobile-preprune.bundle""}"
continuous-improvement-loop/dirty/codex/mobile-publishing-audit-docs/dirty-worktree-2026-04-08t04-17-54-676z,,f5e20346aa1a45f8ddfb3beba80653e0d1ce7719,main,1 absent ref; source fully present in main,False,"{""sourceContainedInMain"":true,""sourceContainedInShippedRelease"":true,""initialSourceContainedInMain"":true,""initialSha"":""f5e20346aa1a45f8ddfb3beba80653e0d1ce7719"",""firstRecordedSha"":""f5e20346aa1a45f8ddfb3beba80653e0d1ce7719"",""currentSha"":null,""successorAncestry"":[145],""action"":{""repo"":""tdf-mobile"",""branch"":""continuous-improvement-loop/dirty/codex/mobile-publishing-audit-docs/dirty-worktree-2026-04-08t04-17-54-676z"",""sha"":""f5e20346aa1a45f8ddfb3beba80653e0d1ce7719"",""action"":""deleted fully-main-contained ref"",""main"":""12a472ecb68e9a9c0bcba81baf0fafa551d59253"",""timestamp"":""2026-10-03T23:38:37.463728+00:00""},""prState"":null,""recoveryBundle"":""tdf-mobile-preprune.bundle""}"
continuous-improvement-loop/dirty/codex/mobile-publishing-audit-docs/dirty-worktree-2026-04-09t02-48-24-674z,,9d4933f328b86c9bc7b65af6fd5621ae947f6db2,main,1 absent ref; source fully present in main,False,"{""sourceContainedInMain"":true,""sourceContainedInShippedRelease"":true,""initialSourceContainedInMain"":true,""initialSha"":""9d4933f328b86c9bc7b65af6fd5621ae947f6db2"",""firstRecordedSha"":""9d4933f328b86c9bc7b65af6fd5621ae947f6db2"",""currentSha"":null,""successorAncestry"":[145],""action"":{""repo"":""tdf-mobile"",""branch"":""continuous-improvement-loop/dirty/codex/mobile-publishing-audit-docs/dirty-worktree-2026-04-09t02-48-24-674z"",""sha"":""9d4933f328b86c9bc7b65af6fd5621ae947f6db2"",""action"":""deleted fully-main-contained ref"",""main"":""12a472ecb68e9a9c0bcba81baf0fafa551d59253"",""timestamp"":""2026-10-03T23:38:37.463806+00:00""},""prState"":null,""recoveryBundle"":""tdf-mobile-preprune.bundle""}"
continuous-improvement-loop/dirty/codex/mobile-publishing-audit-docs/dirty-worktree-2026-04-09t04-09-14-529z,,ecf194e0a72d5d5c49379643f2ec832578a93a8f,main,1 absent ref; source fully present in main,False,"{""sourceContainedInMain"":true,""sourceContainedInShippedRelease"":true,""initialSourceContainedInMain"":true,""initialSha"":""ecf194e0a72d5d5c49379643f2ec832578a93a8f"",""firstRecordedSha"":""ecf194e0a72d5d5c49379643f2ec832578a93a8f"",""currentSha"":null,""successorAncestry"":[145],""action"":{""repo"":""tdf-mobile"",""branch"":""continuous-improvement-loop/dirty/codex/mobile-publishing-audit-docs/dirty-worktree-2026-04-09t04-09-14-529z"",""sha"":""ecf194e0a72d5d5c49379643f2ec832578a93a8f"",""action"":""deleted fully-main-contained ref"",""main"":""12a472ecb68e9a9c0bcba81baf0fafa551d59253"",""timestamp"":""2026-10-03T23:38:37.463825+00:00""},""prState"":null,""recoveryBundle"":""tdf-mobile-preprune.bundle""}"
continuous-improvement-loop/dirty/codex/mobile-publishing-audit-docs/dirty-worktree-2026-04-09t10-35-01-023z,,d9f11cb60b8e13cc5e12997a3df6ebadf855496e,main,1 absent ref; source fully present in main,False,"{""sourceContainedInMain"":true,""sourceContainedInShippedRelease"":true,""initialSourceContainedInMain"":true,""initialSha"":""d9f11cb60b8e13cc5e12997a3df6ebadf855496e"",""firstRecordedSha"":""d9f11cb60b8e13cc5e12997a3df6ebadf855496e"",""currentSha"":null,""successorAncestry"":[145],""action"":{""repo"":""tdf-mobile"",""branch"":""continuous-improvement-loop/dirty/codex/mobile-publishing-audit-docs/dirty-worktree-2026-04-09t10-35-01-023z"",""sha"":""d9f11cb60b8e13cc5e12997a3df6ebadf855496e"",""action"":""deleted fully-main-contained ref"",""main"":""12a472ecb68e9a9c0bcba81baf0fafa551d59253"",""timestamp"":""2026-10-03T23:38:37.463840+00:00""},""prState"":null,""recoveryBundle"":""tdf-mobile-preprune.bundle""}"
continuous-improvement-loop/dirty/continuous-improvement-loop/dirty/codex/mobile-publishing-audit-docs/dirty-worktree-2026-04-09t10-35-01-023z/dirty-worktree-2026-04-09t10-35-20-150z,,e4c2473495c43ea19969fbaf3341cb8a4943256c,main,1 absent ref; source fully present in main,False,"{""sourceContainedInMain"":true,""sourceContainedInShippedRelease"":true,""initialSourceContainedInMain"":true,""initialSha"":""e4c2473495c43ea19969fbaf3341cb8a4943256c"",""firstRecordedSha"":""e4c2473495c43ea19969fbaf3341cb8a4943256c"",""currentSha"":null,""successorAncestry"":[145],""action"":{""repo"":""tdf-mobile"",""branch"":""continuous-improvement-loop/dirty/continuous-improvement-loop/dirty/codex/mobile-publishing-audit-docs/dirty-worktree-2026-04-09t10-35-01-023z/dirty-worktree-2026-04-09t10-35-20-150z"",""sha"":""e4c2473495c43ea19969fbaf3341cb8a4943256c"",""action"":""deleted fully-main-contained ref"",""main"":""12a472ecb68e9a9c0bcba81baf0fafa551d59253"",""timestamp"":""2026-10-03T23:38:37.463851+00:00""},""prState"":null,""recoveryBundle"":""tdf-mobile-preprune.bundle""}"
continuous-improvement-loop/dirty/continuous-improvement-loop/dirty/codex/mobile-publishing-audit-docs/dirty-worktree-2026-04-09t10-35-01-023z/dirty-worktree-2026-04-09t12-02-57-802z,,663a3034d29535a4e21d260d31a4da71b1f81518,main,1 absent ref; source fully present in main,False,"{""sourceContainedInMain"":true,""sourceContainedInShippedRelease"":true,""initialSourceContainedInMain"":true,""initialSha"":""663a3034d29535a4e21d260d31a4da71b1f81518"",""firstRecordedSha"":""663a3034d29535a4e21d260d31a4da71b1f81518"",""currentSha"":null,""successorAncestry"":[145],""action"":{""repo"":""tdf-mobile"",""branch"":""continuous-improvement-loop/dirty/continuous-improvement-loop/dirty/codex/mobile-publishing-audit-docs/dirty-worktree-2026-04-09t10-35-01-023z/dirty-worktree-2026-04-09t12-02-57-802z"",""sha"":""663a3034d29535a4e21d260d31a4da71b1f81518"",""action"":""deleted fully-main-contained ref"",""main"":""12a472ecb68e9a9c0bcba81baf0fafa551d59253"",""timestamp"":""2026-10-03T23:38:37.463867+00:00""},""prState"":null,""recoveryBundle"":""tdf-mobile-preprune.bundle""}"
continuous-improvement-loop/dirty/continuous-improvement-loop/dirty/codex/mobile-publishing-audit-docs/dirty-worktree-2026-04-09t10-35-01-023z/dirty-worktree-2026-04-09t12-07-19-778z,,bf91d6af9eb513b968c0d994fc5b5aac98726b7d,main,1 absent ref; source fully present in main,False,"{""sourceContainedInMain"":true,""sourceContainedInShippedRelease"":true,""initialSourceContainedInMain"":true,""initialSha"":""bf91d6af9eb513b968c0d994fc5b5aac98726b7d"",""firstRecordedSha"":""bf91d6af9eb513b968c0d994fc5b5aac98726b7d"",""currentSha"":null,""successorAncestry"":[145],""action"":{""repo"":""tdf-mobile"",""branch"":""continuous-improvement-loop/dirty/continuous-improvement-loop/dirty/codex/mobile-publishing-audit-docs/dirty-worktree-2026-04-09t10-35-01-023z/dirty-worktree-2026-04-09t12-07-19-778z"",""sha"":""bf91d6af9eb513b968c0d994fc5b5aac98726b7d"",""action"":""deleted fully-main-contained ref"",""main"":""12a472ecb68e9a9c0bcba81baf0fafa551d59253"",""timestamp"":""2026-10-03T23:38:37.463877+00:00""},""prState"":null,""recoveryBundle"":""tdf-mobile-preprune.bundle""}"
continuous-improvement-loop/dirty/continuous-improvement-loop/dirty/codex/mobile-publishing-audit-docs/dirty-worktree-2026-04-09t10-35-01-023z/dirty-worktree-2026-04-09t12-12-39-289z,,230ae09dfca3f8df904b89bc53c61e7e8b443842,main,1 absent ref; source fully present in main,False,"{""sourceContainedInMain"":true,""sourceContainedInShippedRelease"":true,""initialSourceContainedInMain"":true,""initialSha"":""230ae09dfca3f8df904b89bc53c61e7e8b443842"",""firstRecordedSha"":""230ae09dfca3f8df904b89bc53c61e7e8b443842"",""currentSha"":null,""successorAncestry"":[145],""action"":{""repo"":""tdf-mobile"",""branch"":""continuous-improvement-loop/dirty/continuous-improvement-loop/dirty/codex/mobile-publishing-audit-docs/dirty-worktree-2026-04-09t10-35-01-023z/dirty-worktree-2026-04-09t12-12-39-289z"",""sha"":""230ae09dfca3f8df904b89bc53c61e7e8b443842"",""action"":""deleted fully-main-contained ref"",""main"":""12a472ecb68e9a9c0bcba81baf0fafa551d59253"",""timestamp"":""2026-10-03T23:38:37.463884+00:00""},""prState"":null,""recoveryBundle"":""tdf-mobile-preprune.bundle""}"
feat-admin-operations-control-center,,0505314db01a3c70f1006a5a1b6e574d78bebf36,main,1 absent ref; source fully present in main,False,"{""sourceContainedInMain"":true,""sourceContainedInShippedRelease"":true,""initialSourceContainedInMain"":true,""initialSha"":""0505314db01a3c70f1006a5a1b6e574d78bebf36"",""firstRecordedSha"":""0505314db01a3c70f1006a5a1b6e574d78bebf36"",""currentSha"":null,""successorAncestry"":[145],""action"":{""repo"":""tdf-mobile"",""branch"":""feat-admin-operations-control-center"",""sha"":""0505314db01a3c70f1006a5a1b6e574d78bebf36"",""action"":""deleted fully-main-contained ref"",""main"":""12a472ecb68e9a9c0bcba81baf0fafa551d59253"",""timestamp"":""2026-10-03T23:38:37.463989+00:00""},""prState"":null,""recoveryBundle"":""tdf-mobile-preprune.bundle""}"
feat/ab-experiment-infrastructure,,51565eaba134bcbb6578aee6dff622041bda6884,main,1 absent ref; source fully present in main,False,"{""sourceContainedInMain"":true,""sourceContainedInShippedRelease"":true,""initialSourceContainedInMain"":true,""initialSha"":""51565eaba134bcbb6578aee6dff622041bda6884"",""firstRecordedSha"":""51565eaba134bcbb6578aee6dff622041bda6884"",""currentSha"":null,""successorAncestry"":[145],""action"":{""repo"":""tdf-mobile"",""branch"":""feat/ab-experiment-infrastructure"",""sha"":""51565eaba134bcbb6578aee6dff622041bda6884"",""action"":""deleted fully-main-contained ref"",""main"":""12a472ecb68e9a9c0bcba81baf0fafa551d59253"",""timestamp"":""2026-10-03T23:38:37.463914+00:00""},""prState"":null,""recoveryBundle"":""tdf-mobile-preprune.bundle""}"
feat/artist-enrichment-registry-20260807,,4d270a23788ac8f007e25c7fe72bbf440822e413,main,1 absent ref; source fully present in main,False,"{""sourceContainedInMain"":true,""sourceContainedInShippedRelease"":true,""initialSourceContainedInMain"":true,""initialSha"":""4d270a23788ac8f007e25c7fe72bbf440822e413"",""firstRecordedSha"":""4d270a23788ac8f007e25c7fe72bbf440822e413"",""currentSha"":null,""successorAncestry"":[145],""action"":{""repo"":""tdf-mobile"",""branch"":""feat/artist-enrichment-registry-20260807"",""sha"":""4d270a23788ac8f007e25c7fe72bbf440822e413"",""action"":""deleted fully-main-contained ref"",""main"":""12a472ecb68e9a9c0bcba81baf0fafa551d59253"",""timestamp"":""2026-10-03T23:38:37.463922+00:00""},""prState"":null,""recoveryBundle"":""tdf-mobile-preprune.bundle""}"
feat/contextual-reputation,,9dfaca7d9252db5a35214f0c3305d85869cf56cd,main,1 absent ref; source fully present in main,False,"{""sourceContainedInMain"":true,""sourceContainedInShippedRelease"":true,""initialSourceContainedInMain"":true,""initialSha"":""9dfaca7d9252db5a35214f0c3305d85869cf56cd"",""firstRecordedSha"":""9dfaca7d9252db5a35214f0c3305d85869cf56cd"",""currentSha"":null,""successorAncestry"":[145],""action"":{""repo"":""tdf-mobile"",""branch"":""feat/contextual-reputation"",""sha"":""9dfaca7d9252db5a35214f0c3305d85869cf56cd"",""action"":""deleted fully-main-contained ref"",""main"":""12a472ecb68e9a9c0bcba81baf0fafa551d59253"",""timestamp"":""2026-10-03T23:38:37.463955+00:00""},""prState"":null,""recoveryBundle"":""tdf-mobile-preprune.bundle""}"
feat/payment-capabilities-contract-20260909,76,cd3f664663f328a47341914524a2af130ae0d3ec,main (ancestry verified; branch deletion actor not recorded),1 absent ref; source fully present in main,False,"{""sourceContainedInMain"":true,""sourceContainedInShippedRelease"":true,""initialSourceContainedInMain"":true,""initialSha"":""b08f0c600468773f13e9c1b8c2701df5b7673467"",""firstRecordedSha"":""b08f0c600468773f13e9c1b8c2701df5b7673467"",""currentSha"":null,""successorAncestry"":[145],""action"":null,""prState"":""MERGED"",""recoveryBundle"":""tdf-mobile-preprune.bundle""}"
feat/stripe-paymentsheet,,80697ecaca03072ba6f130cb655c5677b8aaacb7,main,1 absent ref; source fully present in main,False,"{""sourceContainedInMain"":true,""sourceContainedInShippedRelease"":true,""initialSourceContainedInMain"":true,""initialSha"":""80697ecaca03072ba6f130cb655c5677b8aaacb7"",""firstRecordedSha"":""80697ecaca03072ba6f130cb655c5677b8aaacb7"",""currentSha"":null,""successorAncestry"":[145],""action"":{""repo"":""tdf-mobile"",""branch"":""feat/stripe-paymentsheet"",""sha"":""80697ecaca03072ba6f130cb655c5677b8aaacb7"",""action"":""deleted fully-main-contained ref"",""main"":""12a472ecb68e9a9c0bcba81baf0fafa551d59253"",""timestamp"":""2026-10-03T23:38:37.463966+00:00""},""prState"":null,""recoveryBundle"":""tdf-mobile-preprune.bundle""}"
feat/tester-feedback-20261004,127,07fe6db71966932c0021b42ca25aa7158b720dc6,main (ancestry verified; branch deletion actor not recorded),1 absent ref; source fully present in main,False,"{""sourceContainedInMain"":true,""sourceContainedInShippedRelease"":true,""initialSourceContainedInMain"":true,""initialSha"":null,""firstRecordedSha"":""07fe6db71966932c0021b42ca25aa7158b720dc6"",""currentSha"":null,""successorAncestry"":[145],""action"":null,""prState"":""MERGED"",""recoveryBundle"":""tdf-mobile-preprune.bundle""}"
feat/ticket-order-limit-contract-20261005,134,d54dfa9e6611b73cf720b9d7127705a14d45b782,main (ancestry verified; branch deletion actor not recorded),1 absent ref; source fully present in main,False,"{""sourceContainedInMain"":true,""sourceContainedInShippedRelease"":true,""initialSourceContainedInMain"":true,""initialSha"":null,""firstRecordedSha"":""d54dfa9e6611b73cf720b9d7127705a14d45b782"",""currentSha"":null,""successorAncestry"":[145],""action"":null,""prState"":""MERGED"",""recoveryBundle"":""tdf-mobile-preprune.bundle""}"
feat/unified-revenue-platform-20260813,,14e3c0a3b25e3546031e9c7157603bee3f1a4356,main,1 absent ref; source fully present in main,False,"{""sourceContainedInMain"":true,""sourceContainedInShippedRelease"":true,""initialSourceContainedInMain"":true,""initialSha"":""14e3c0a3b25e3546031e9c7157603bee3f1a4356"",""firstRecordedSha"":""14e3c0a3b25e3546031e9c7157603bee3f1a4356"",""currentSha"":null,""successorAncestry"":[145],""action"":{""repo"":""tdf-mobile"",""branch"":""feat/unified-revenue-platform-20260813"",""sha"":""14e3c0a3b25e3546031e9c7157603bee3f1a4356"",""action"":""deleted fully-main-contained ref"",""main"":""12a472ecb68e9a9c0bcba81baf0fafa551d59253"",""timestamp"":""2026-10-03T23:38:37.463979+00:00""},""prState"":null,""recoveryBundle"":""tdf-mobile-preprune.bundle""}"
feat/universal-interactions-20260928,116,371fc64784212b14d74909d46791b9b4e24a4ae0,main (ancestry verified; branch deletion actor not recorded),1 absent ref; source fully present in main,False,"{""sourceContainedInMain"":true,""sourceContainedInShippedRelease"":true,""initialSourceContainedInMain"":true,""initialSha"":null,""firstRecordedSha"":""371fc64784212b14d74909d46791b9b4e24a4ae0"",""currentSha"":null,""successorAncestry"":[145],""action"":null,""prState"":""MERGED"",""recoveryBundle"":""tdf-mobile-preprune.bundle""}"
feature/event-moment-privacy-20260908-reviewed,48,3409aeb692ee754525567412ec053b6ae18c2458,main (ancestry verified; branch deletion actor not recorded),1 absent ref; source fully present in main,False,"{""sourceContainedInMain"":true,""sourceContainedInShippedRelease"":true,""initialSourceContainedInMain"":true,""initialSha"":""3409aeb692ee754525567412ec053b6ae18c2458"",""firstRecordedSha"":""3409aeb692ee754525567412ec053b6ae18c2458"",""currentSha"":null,""successorAncestry"":[145],""action"":null,""prState"":""MERGED"",""recoveryBundle"":""tdf-mobile-preprune.bundle""}"
feature/event-save-continuity-20260907-reviewed,46,ee3f20955b11f66a6663aa9dd4fb023e8eec749c,main (ancestry verified; branch deletion actor not recorded),1 absent ref; source fully present in main,False,"{""sourceContainedInMain"":true,""sourceContainedInShippedRelease"":true,""initialSourceContainedInMain"":true,""initialSha"":""ee3f20955b11f66a6663aa9dd4fb023e8eec749c"",""firstRecordedSha"":""ee3f20955b11f66a6663aa9dd4fb023e8eec749c"",""currentSha"":null,""successorAncestry"":[145],""action"":null,""prState"":""MERGED"",""recoveryBundle"":""tdf-mobile-preprune.bundle""}"
feature/moment-reaction-evidence-20260907-reviewed,47,bc02f52d0cc9bc31d66afcfd0e6f1c28d14466d8,main (ancestry verified; branch deletion actor not recorded),1 absent ref; source fully present in main,False,"{""sourceContainedInMain"":true,""sourceContainedInShippedRelease"":true,""initialSourceContainedInMain"":true,""initialSha"":""bc02f52d0cc9bc31d66afcfd0e6f1c28d14466d8"",""firstRecordedSha"":""bc02f52d0cc9bc31d66afcfd0e6f1c28d14466d8"",""currentSha"":null,""successorAncestry"":[145],""action"":null,""prState"":""MERGED"",""recoveryBundle"":""tdf-mobile-preprune.bundle""}"
feature/onboarding-completion-retry-20260908-reviewed,54,c790ab586ac324c31bc43e8899de36e9f93803e6,main (ancestry verified; branch deletion actor not recorded),1 absent ref; source fully present in main,False,"{""sourceContainedInMain"":true,""sourceContainedInShippedRelease"":true,""initialSourceContainedInMain"":true,""initialSha"":""c790ab586ac324c31bc43e8899de36e9f93803e6"",""firstRecordedSha"":""c790ab586ac324c31bc43e8899de36e9f93803e6"",""currentSha"":null,""successorAncestry"":[145],""action"":null,""prState"":""MERGED"",""recoveryBundle"":""tdf-mobile-preprune.bundle""}"
feature/onboarding-cross-device-reconciliation-20260909,61,f487de478939b3c19a62b5f54aa876d96a4eb32c,main (ancestry verified; branch deletion actor not recorded),1 absent ref; source fully present in main,False,"{""sourceContainedInMain"":true,""sourceContainedInShippedRelease"":true,""initialSourceContainedInMain"":true,""initialSha"":""f487de478939b3c19a62b5f54aa876d96a4eb32c"",""firstRecordedSha"":""f487de478939b3c19a62b5f54aa876d96a4eb32c"",""currentSha"":null,""successorAncestry"":[145],""action"":null,""prState"":""MERGED"",""recoveryBundle"":""tdf-mobile-preprune.bundle""}"
feature/onboarding-recovery-localization-20260908-reviewed,51,3b7bf3ed28fc7d95ec9fac84bddc0fa5ba5ceafc,main (ancestry verified; branch deletion actor not recorded),1 absent ref; source fully present in main,False,"{""sourceContainedInMain"":true,""sourceContainedInShippedRelease"":true,""initialSourceContainedInMain"":true,""initialSha"":""3b7bf3ed28fc7d95ec9fac84bddc0fa5ba5ceafc"",""firstRecordedSha"":""3b7bf3ed28fc7d95ec9fac84bddc0fa5ba5ceafc"",""currentSha"":null,""successorAncestry"":[145],""action"":null,""prState"":""MERGED"",""recoveryBundle"":""tdf-mobile-preprune.bundle""}"
feature/public-booking-idempotency-contract-20260909,71,9ee8c2de72e96250f7ac8d6b768179135ab68654,main (ancestry verified; branch deletion actor not recorded),1 absent ref; source fully present in main,False,"{""sourceContainedInMain"":true,""sourceContainedInShippedRelease"":true,""initialSourceContainedInMain"":true,""initialSha"":""57abd23c0522133274e5bc2aa1a7e524d94dd62b"",""firstRecordedSha"":""57abd23c0522133274e5bc2aa1a7e524d94dd62b"",""currentSha"":null,""successorAncestry"":[145],""action"":null,""prState"":""MERGED"",""recoveryBundle"":""tdf-mobile-preprune.bundle""}"
fix/access-request-requester-name-20260916,,bd918826fae055b51f96870fcf297920b78a2376,main,1 absent ref; source fully present in main,False,"{""sourceContainedInMain"":true,""sourceContainedInShippedRelease"":true,""initialSourceContainedInMain"":true,""initialSha"":""bd918826fae055b51f96870fcf297920b78a2376"",""firstRecordedSha"":""bd918826fae055b51f96870fcf297920b78a2376"",""currentSha"":null,""successorAncestry"":[145],""action"":{""repo"":""tdf-mobile"",""branch"":""fix/access-request-requester-name-20260916"",""sha"":""bd918826fae055b51f96870fcf297920b78a2376"",""action"":""deleted fully-main-contained ref"",""main"":""12a472ecb68e9a9c0bcba81baf0fafa551d59253"",""timestamp"":""2026-10-03T23:38:37.464030+00:00""},""prState"":null,""recoveryBundle"":""tdf-mobile-preprune.bundle""}"
fix/account-deletion-contract-20261005,141,842c59846a17f1afbebb8e0d5c66ca183e3cff9e,main (ancestry verified; branch deletion actor not recorded),1 absent ref; source fully present in main,False,"{""sourceContainedInMain"":true,""sourceContainedInShippedRelease"":false,""initialSourceContainedInMain"":true,""initialSha"":null,""firstRecordedSha"":""842c59846a17f1afbebb8e0d5c66ca183e3cff9e"",""currentSha"":null,""successorAncestry"":[145],""action"":null,""prState"":""MERGED"",""recoveryBundle"":""tdf-mobile-preprune.bundle""}"
fix/account-deletion-discovery-20261005,142,3a6a84ee741ae58a4b6431a8c33fc822a42ab093,main (ancestry verified; branch deletion actor not recorded),1 absent ref; source fully present in main,False,"{""sourceContainedInMain"":true,""sourceContainedInShippedRelease"":false,""initialSourceContainedInMain"":true,""initialSha"":null,""firstRecordedSha"":""3a6a84ee741ae58a4b6431a8c33fc822a42ab093"",""currentSha"":null,""successorAncestry"":[145],""action"":null,""prState"":""MERGED"",""recoveryBundle"":""tdf-mobile-preprune.bundle""}"
fix/android-comment-focus-20260929,124,3ee82fe403b358b405568ed5164cf7798eb45e0b,main (ancestry verified; branch deletion actor not recorded),1 absent ref; source fully present in main,False,"{""sourceContainedInMain"":true,""sourceContainedInShippedRelease"":true,""initialSourceContainedInMain"":true,""initialSha"":null,""firstRecordedSha"":""3ee82fe403b358b405568ed5164cf7798eb45e0b"",""currentSha"":null,""successorAncestry"":[145],""action"":null,""prState"":""MERGED"",""recoveryBundle"":""tdf-mobile-preprune.bundle""}"
fix/ci-green-baseline-20260912,,790e03e1fb19083a92c2828a8b77ba1016fd53e4,main,1 absent ref; source fully present in main,False,"{""sourceContainedInMain"":true,""sourceContainedInShippedRelease"":true,""initialSourceContainedInMain"":true,""initialSha"":""790e03e1fb19083a92c2828a8b77ba1016fd53e4"",""firstRecordedSha"":""790e03e1fb19083a92c2828a8b77ba1016fd53e4"",""currentSha"":null,""successorAncestry"":[145],""action"":{""repo"":""tdf-mobile"",""branch"":""fix/ci-green-baseline-20260912"",""sha"":""790e03e1fb19083a92c2828a8b77ba1016fd53e4"",""action"":""deleted fully-main-contained ref"",""main"":""12a472ecb68e9a9c0bcba81baf0fafa551d59253"",""timestamp"":""2026-10-03T23:38:37.464041+00:00""},""prState"":null,""recoveryBundle"":""tdf-mobile-preprune.bundle""}"
fix/datadog-critical-errors-20261004,125,5fa8c002e67da54174862023af8f258bdda35961,main (ancestry verified; branch deletion actor not recorded),1 absent ref; source fully present in main,False,"{""sourceContainedInMain"":true,""sourceContainedInShippedRelease"":true,""initialSourceContainedInMain"":true,""initialSha"":null,""firstRecordedSha"":""5fa8c002e67da54174862023af8f258bdda35961"",""currentSha"":null,""successorAncestry"":[145],""action"":null,""prState"":""MERGED"",""recoveryBundle"":""tdf-mobile-preprune.bundle""}"
fix/event-end-optional-20260817,,28f8837f8abf1574749e0faec669de3fb3a6813b,main,1 absent ref; source fully present in main,False,"{""sourceContainedInMain"":true,""sourceContainedInShippedRelease"":true,""initialSourceContainedInMain"":true,""initialSha"":""28f8837f8abf1574749e0faec669de3fb3a6813b"",""firstRecordedSha"":""28f8837f8abf1574749e0faec669de3fb3a6813b"",""currentSha"":null,""successorAncestry"":[145],""action"":{""repo"":""tdf-mobile"",""branch"":""fix/event-end-optional-20260817"",""sha"":""28f8837f8abf1574749e0faec669de3fb3a6813b"",""action"":""deleted fully-main-contained ref"",""main"":""12a472ecb68e9a9c0bcba81baf0fafa551d59253"",""timestamp"":""2026-10-03T23:38:37.464051+00:00""},""prState"":null,""recoveryBundle"":""tdf-mobile-preprune.bundle""}"
fix/interaction-moderation-reasons-20260929,120,66d6ee809afb60ffb810266cd95b400e0cedbd9f,main (ancestry verified; branch deletion actor not recorded),1 absent ref; source fully present in main,False,"{""sourceContainedInMain"":true,""sourceContainedInShippedRelease"":true,""initialSourceContainedInMain"":true,""initialSha"":null,""firstRecordedSha"":""66d6ee809afb60ffb810266cd95b400e0cedbd9f"",""currentSha"":null,""successorAncestry"":[145],""action"":null,""prState"":""MERGED"",""recoveryBundle"":""tdf-mobile-preprune.bundle""}"
fix/interaction-response-validation-20260929,122,2b4fe6d7159e4e029d4a4605140c9e7143ac6e93,main (ancestry verified; branch deletion actor not recorded),1 absent ref; source fully present in main,False,"{""sourceContainedInMain"":true,""sourceContainedInShippedRelease"":true,""initialSourceContainedInMain"":true,""initialSha"":null,""firstRecordedSha"":""2b4fe6d7159e4e029d4a4605140c9e7143ac6e93"",""currentSha"":null,""successorAncestry"":[145],""action"":null,""prState"":""MERGED"",""recoveryBundle"":""tdf-mobile-preprune.bundle""}"
fix/interaction-summary-response-validation-20260929,119,1ae6e4317ed1a26ab54b70291a139c1d2f8c62c0,main (ancestry verified; branch deletion actor not recorded),1 absent ref; source fully present in main,False,"{""sourceContainedInMain"":true,""sourceContainedInShippedRelease"":true,""initialSourceContainedInMain"":true,""initialSha"":null,""firstRecordedSha"":""1ae6e4317ed1a26ab54b70291a139c1d2f8c62c0"",""currentSha"":null,""successorAncestry"":[145],""action"":null,""prState"":""MERGED"",""recoveryBundle"":""tdf-mobile-preprune.bundle""}"
fix/interaction-update-runtime-20260929,117,5eb05bce8266cc7eb6e165528d565e63da3836a9,main (ancestry verified; branch deletion actor not recorded),1 absent ref; source fully present in main,False,"{""sourceContainedInMain"":true,""sourceContainedInShippedRelease"":true,""initialSourceContainedInMain"":true,""initialSha"":null,""firstRecordedSha"":""5eb05bce8266cc7eb6e165528d565e63da3836a9"",""currentSha"":null,""successorAncestry"":[145],""action"":null,""prState"":""MERGED"",""recoveryBundle"":""tdf-mobile-preprune.bundle""}"
fix/ios-artifact-entitlement-output-20260929,118,85bac6e6ca241edb305ad444b79fe36b241c2764,main (ancestry verified; branch deletion actor not recorded),1 absent ref; source fully present in main,False,"{""sourceContainedInMain"":true,""sourceContainedInShippedRelease"":true,""initialSourceContainedInMain"":true,""initialSha"":null,""firstRecordedSha"":""85bac6e6ca241edb305ad444b79fe36b241c2764"",""currentSha"":null,""successorAncestry"":[145],""action"":null,""prState"":""MERGED"",""recoveryBundle"":""tdf-mobile-preprune.bundle""}"
fix/mobile-analytics-contract-sync-20261005,136,939bd4ef3a774d79676f25e18c8edc591491e6dc,main (ancestry verified; branch deletion actor not recorded),1 absent ref; source fully present in main,False,"{""sourceContainedInMain"":true,""sourceContainedInShippedRelease"":true,""initialSourceContainedInMain"":true,""initialSha"":null,""firstRecordedSha"":""939bd4ef3a774d79676f25e18c8edc591491e6dc"",""currentSha"":null,""successorAncestry"":[145],""action"":null,""prState"":""MERGED"",""recoveryBundle"":""tdf-mobile-preprune.bundle""}"
fix/mobile-analytics-release-20261005,135,8e73a05e92a8a7393d308253b5b514d90b94fefd,main (ancestry verified; branch deletion actor not recorded),1 absent ref; source fully present in main,False,"{""sourceContainedInMain"":true,""sourceContainedInShippedRelease"":true,""initialSourceContainedInMain"":true,""initialSha"":null,""firstRecordedSha"":""8e73a05e92a8a7393d308253b5b514d90b94fefd"",""currentSha"":null,""successorAncestry"":[145],""action"":null,""prState"":""MERGED"",""recoveryBundle"":""tdf-mobile-preprune.bundle""}"
fix/mobile-program-current-main-20261004,130,ce6cc5116577a063af7cddb870b97cd82e2abb7f,main (ancestry verified; branch deletion actor not recorded),1 absent ref; source fully present in main,False,"{""sourceContainedInMain"":true,""sourceContainedInShippedRelease"":true,""initialSourceContainedInMain"":true,""initialSha"":null,""firstRecordedSha"":""ce6cc5116577a063af7cddb870b97cd82e2abb7f"",""currentSha"":null,""successorAncestry"":[145],""action"":null,""prState"":""MERGED"",""recoveryBundle"":""tdf-mobile-preprune.bundle""}"
fix/mobile-program-feature-registry-20261004,128,044627a51a54a9406760d3b26d813cbab2d9b866,main (ancestry verified; branch deletion actor not recorded),1 absent ref; source fully present in main,False,"{""sourceContainedInMain"":true,""sourceContainedInShippedRelease"":true,""initialSourceContainedInMain"":true,""initialSha"":null,""firstRecordedSha"":""044627a51a54a9406760d3b26d813cbab2d9b866"",""currentSha"":null,""successorAncestry"":[145],""action"":null,""prState"":""MERGED"",""recoveryBundle"":""tdf-mobile-preprune.bundle""}"
fix/moderation-block-boundary-20260929,121,634d8fbcd47654267aa2cd3b618f3e018133fae6,main (ancestry verified; branch deletion actor not recorded),1 absent ref; source fully present in main,False,"{""sourceContainedInMain"":true,""sourceContainedInShippedRelease"":true,""initialSourceContainedInMain"":true,""initialSha"":null,""firstRecordedSha"":""634d8fbcd47654267aa2cd3b618f3e018133fae6"",""currentSha"":null,""successorAncestry"":[145],""action"":null,""prState"":""MERGED"",""recoveryBundle"":""tdf-mobile-preprune.bundle""}"
fix/onboarding-root-contract-20260910,,84f5c663b2c4f020c17b2441bb92996e0b5a46b1,88,8 removed after recorded preservation audit,False,"{""sourceContainedInMain"":false,""sourceContainedInShippedRelease"":false,""initialSourceContainedInMain"":false,""initialSha"":""84f5c663b2c4f020c17b2441bb92996e0b5a46b1"",""firstRecordedSha"":""84f5c663b2c4f020c17b2441bb92996e0b5a46b1"",""currentSha"":null,""successorAncestry"":[],""action"":{""repo"":""tdf-mobile"",""branch"":""fix/onboarding-root-contract-20260910"",""sha"":""84f5c663b2c4f020c17b2441bb92996e0b5a46b1"",""action"":""deleted generated-contract superseded ref"",""successor"":88,""main"":""2f140b2f864e64feeb86d2f1fffc2cdfd490486b"",""evidence"":""All added/changed TypeScript AST property signatures match merged canonical generated client; no removed properties or other files. See mobile-generated-semantic-comparison.json."",""timestamp"":""2026-10-04T07:02:52.489520+00:00""},""prState"":null,""recoveryBundle"":""tdf-mobile-preprune.bundle""}"
fix/ownerless-comment-policy-20260929,123,7e38bdd0e6efc0836b503660b9d5566ff8f6ec3e,main (ancestry verified; branch deletion actor not recorded),1 absent ref; source fully present in main,False,"{""sourceContainedInMain"":true,""sourceContainedInShippedRelease"":true,""initialSourceContainedInMain"":true,""initialSha"":null,""firstRecordedSha"":""7e38bdd0e6efc0836b503660b9d5566ff8f6ec3e"",""currentSha"":null,""successorAncestry"":[145],""action"":null,""prState"":""MERGED"",""recoveryBundle"":""tdf-mobile-preprune.bundle""}"
fix/payment-component-environment-20260916,,3cfe24ea71b977ad99c94cc488f68d1a9b7eaa65,88,8 removed after recorded preservation audit,False,"{""sourceContainedInMain"":false,""sourceContainedInShippedRelease"":false,""initialSourceContainedInMain"":false,""initialSha"":""3cfe24ea71b977ad99c94cc488f68d1a9b7eaa65"",""firstRecordedSha"":""3cfe24ea71b977ad99c94cc488f68d1a9b7eaa65"",""currentSha"":null,""successorAncestry"":[],""action"":{""repo"":""tdf-mobile"",""branch"":""fix/payment-component-environment-20260916"",""sha"":""3cfe24ea71b977ad99c94cc488f68d1a9b7eaa65"",""action"":""deleted generated-contract superseded ref"",""successor"":88,""main"":""2f140b2f864e64feeb86d2f1fffc2cdfd490486b"",""evidence"":""All added/changed TypeScript AST property signatures match merged canonical generated client; no removed properties or other files. See mobile-generated-semantic-comparison.json."",""timestamp"":""2026-10-04T07:02:52.490137+00:00""},""prState"":null,""recoveryBundle"":""tdf-mobile-preprune.bundle""}"
fix/payment-intent-environment-20260916,,3d4ef4088fea2e49f9e0b23d997bb075e6df40c1,88,8 removed after recorded preservation audit,False,"{""sourceContainedInMain"":false,""sourceContainedInShippedRelease"":false,""initialSourceContainedInMain"":false,""initialSha"":""3d4ef4088fea2e49f9e0b23d997bb075e6df40c1"",""firstRecordedSha"":""3d4ef4088fea2e49f9e0b23d997bb075e6df40c1"",""currentSha"":null,""successorAncestry"":[],""action"":{""repo"":""tdf-mobile"",""branch"":""fix/payment-intent-environment-20260916"",""sha"":""3d4ef4088fea2e49f9e0b23d997bb075e6df40c1"",""action"":""deleted generated-contract superseded ref"",""successor"":88,""main"":""2f140b2f864e64feeb86d2f1fffc2cdfd490486b"",""evidence"":""All added/changed TypeScript AST property signatures match merged canonical generated client; no removed properties or other files. See mobile-generated-semantic-comparison.json."",""timestamp"":""2026-10-04T07:02:52.490176+00:00""},""prState"":null,""recoveryBundle"":""tdf-mobile-preprune.bundle""}"
fix/payment-main-client-integration-20260916,,c62ec903586a9f0833e079cdc3297c444174d275,88,8 removed after recorded preservation audit,False,"{""sourceContainedInMain"":false,""sourceContainedInShippedRelease"":false,""initialSourceContainedInMain"":false,""initialSha"":""c62ec903586a9f0833e079cdc3297c444174d275"",""firstRecordedSha"":""c62ec903586a9f0833e079cdc3297c444174d275"",""currentSha"":null,""successorAncestry"":[],""action"":{""repo"":""tdf-mobile"",""branch"":""fix/payment-main-client-integration-20260916"",""sha"":""c62ec903586a9f0833e079cdc3297c444174d275"",""action"":""deleted generated-contract superseded ref"",""successor"":88,""main"":""2f140b2f864e64feeb86d2f1fffc2cdfd490486b"",""evidence"":""All added/changed TypeScript AST property signatures match merged canonical generated client; no removed properties or other files. See mobile-generated-semantic-comparison.json."",""timestamp"":""2026-10-04T07:02:52.490182+00:00""},""prState"":null,""recoveryBundle"":""tdf-mobile-preprune.bundle""}"
fix/payment-summary-environment-audit-20260916,83,337d46f25a8b7c7c688aa3657ffb599ecb4c47c7,main (ancestry verified; branch deletion actor not recorded),1 absent ref; source fully present in main,False,"{""sourceContainedInMain"":true,""sourceContainedInShippedRelease"":true,""initialSourceContainedInMain"":true,""initialSha"":""337d46f25a8b7c7c688aa3657ffb599ecb4c47c7"",""firstRecordedSha"":""337d46f25a8b7c7c688aa3657ffb599ecb4c47c7"",""currentSha"":null,""successorAncestry"":[145],""action"":null,""prState"":""MERGED"",""recoveryBundle"":""tdf-mobile-preprune.bundle""}"
fix/pr331-social-mobile-integration-20260916,,3ac7232a057f194d941df4a7c1f097843aa6361d,88,8 removed after recorded preservation audit,False,"{""sourceContainedInMain"":false,""sourceContainedInShippedRelease"":false,""initialSourceContainedInMain"":false,""initialSha"":""3ac7232a057f194d941df4a7c1f097843aa6361d"",""firstRecordedSha"":""3ac7232a057f194d941df4a7c1f097843aa6361d"",""currentSha"":null,""successorAncestry"":[],""action"":{""repo"":""tdf-mobile"",""branch"":""fix/pr331-social-mobile-integration-20260916"",""sha"":""3ac7232a057f194d941df4a7c1f097843aa6361d"",""action"":""deleted generated-contract superseded ref"",""successor"":88,""main"":""2f140b2f864e64feeb86d2f1fffc2cdfd490486b"",""evidence"":""All added/changed TypeScript AST property signatures match merged canonical generated client; no removed properties or other files. See mobile-generated-semantic-comparison.json."",""timestamp"":""2026-10-04T07:02:52.490189+00:00""},""prState"":null,""recoveryBundle"":""tdf-mobile-preprune.bundle""}"
fix/tester-feedback-category-routing,131,147ec8bc4ad4150eaab1ad410aa1803822075697,main (ancestry verified; branch deletion actor not recorded),1 absent ref; source fully present in main,False,"{""sourceContainedInMain"":true,""sourceContainedInShippedRelease"":true,""initialSourceContainedInMain"":true,""initialSha"":null,""firstRecordedSha"":""147ec8bc4ad4150eaab1ad410aa1803822075697"",""currentSha"":null,""successorAncestry"":[145],""action"":null,""prState"":""MERGED"",""recoveryBundle"":""tdf-mobile-preprune.bundle""}"
main,,d5e217a7a877e2bdf5c5cf7c84be96e7ce7d77ff,main,main authority,True,"{""sourceContainedInMain"":true,""sourceContainedInShippedRelease"":false,""initialSourceContainedInMain"":true,""initialSha"":""12a472ecb68e9a9c0bcba81baf0fafa551d59253"",""firstRecordedSha"":""12a472ecb68e9a9c0bcba81baf0fafa551d59253"",""currentSha"":""d5e217a7a877e2bdf5c5cf7c84be96e7ce7d77ff"",""successorAncestry"":[145],""action"":null,""prState"":null,""recoveryBundle"":""tdf-mobile-preprune.bundle""}"
release/tdf-shipped-20261004,,ede1f2a0ccf75f3794c7892f291e1751b279d19e,main,1 absent ref; source fully present in main,False,"{""sourceContainedInMain"":true,""sourceContainedInShippedRelease"":true,""initialSourceContainedInMain"":true,""initialSha"":null,""firstRecordedSha"":""ede1f2a0ccf75f3794c7892f291e1751b279d19e"",""currentSha"":null,""successorAncestry"":[145],""action"":{""repo"":""tdf-mobile"",""branch"":""release/tdf-shipped-20261004"",""sha"":""ede1f2a0ccf75f3794c7892f291e1751b279d19e"",""main"":""7aaa78dcc7bda19a59e312fdf3316f900fddca4a"",""action"":""deleted fully-main-contained ref after successful postmerge gates"",""timestamp"":""2026-10-05T05:04:41.884338+00:00""},""prState"":null,""recoveryBundle"":""tdf-mobile-preprune.bundle""}"
release/tdf-shipped-20261005,,925952571c6cb4f80e3103ae3b42955e2da42fce,main,1 absent ref; source fully present in main,False,"{""sourceContainedInMain"":true,""sourceContainedInShippedRelease"":true,""initialSourceContainedInMain"":true,""initialSha"":null,""firstRecordedSha"":""925952571c6cb4f80e3103ae3b42955e2da42fce"",""currentSha"":null,""successorAncestry"":[145],""action"":{""repo"":""tdf-mobile"",""branch"":""release/tdf-shipped-20261005"",""sha"":""925952571c6cb4f80e3103ae3b42955e2da42fce"",""main"":""39f4d0e1a97022528c73623a99cff3e15d04f70e"",""action"":""deleted fully-main-contained obsolete protected integration base after postmerge gates; retired only that branch protection"",""evidence"":""mobile-shipped-base-retirement-proof.json"",""timestamp"":""2026-10-05T16:22:08.154171+00:00""},""prState"":null,""recoveryBundle"":""tdf-mobile-preprune.bundle""}"
release/tdf-shipped-5c2e0bb28,,0d2b5d15f3ae466a21d5c9f91793c69222755942,d5e217a7a877e2bdf5c5cf7c84be96e7ce7d77ff,1 absent ref; source fully present in main,False,"{""sourceContainedInMain"":true,""sourceContainedInShippedRelease"":false,""initialSourceContainedInMain"":true,""initialSha"":null,""firstRecordedSha"":""0d2b5d15f3ae466a21d5c9f91793c69222755942"",""currentSha"":null,""successorAncestry"":[145],""action"":{""repo"":""tdf-mobile"",""branch"":""release/tdf-shipped-5c2e0bb28"",""sha"":""0d2b5d15f3ae466a21d5c9f91793c69222755942"",""action"":""deleted fully-main-contained ref after verified merge tree and postmerge gates"",""successor"":""d5e217a7a877e2bdf5c5cf7c84be96e7ce7d77ff"",""evidence"":{""ancestry"":true,""postMergeRuns"":[{""conclusion"":""success"",""databaseId"":37405553752,""name"":""Run Datadog Synthetic tests"",""status"":""completed""},{""conclusion"":""success"",""databaseId"":37405553734,""name"":""Mobile Validate"",""status"":""completed""}],""bundle"":""/private/tmp/tdf-current-audit-20261003/mobile-d5-retired.bundle"",""openPRs"":0,""protected"":false,""expectedSHALease"":true},""at"":""2026-10-06T03:47:54.510778+00:00""},""prState"":null,""recoveryBundle"":""tdf-mobile-preprune.bundle""}"
release/ticket-inclusive-main-compat-20261005,,0af7afaab7478e4e542ce14971f89f223653ab5f,release/ticket-inclusive-main-compat-20261005 -> root main/491,3 source ancestry preserved in reachable shipped compatibility release; root main/491 integration and companion review remain separately qualified,True,"{""sourceContainedInMain"":false,""sourceContainedInShippedRelease"":true,""initialSourceContainedInMain"":null,""initialSha"":null,""firstRecordedSha"":null,""currentSha"":""0af7afaab7478e4e542ce14971f89f223653ab5f"",""successorAncestry"":[],""action"":null,""prState"":null,""recoveryBundle"":""tdf-mobile-preprune.bundle""}"
release/ticket-inclusive-tax-20261005,139,43da3525d9cb817b0cc3724928988ddac4b4780b,main (ancestry verified; branch deletion actor not recorded),1 absent ref; source fully present in main,False,"{""sourceContainedInMain"":true,""sourceContainedInShippedRelease"":false,""initialSourceContainedInMain"":true,""initialSha"":null,""firstRecordedSha"":""43da3525d9cb817b0cc3724928988ddac4b4780b"",""currentSha"":null,""successorAncestry"":[145],""action"":null,""prState"":""MERGED"",""recoveryBundle"":""tdf-mobile-preprune.bundle""}"
test/interaction-native-fixtures-20260928,,371fc64784212b14d74909d46791b9b4e24a4ae0,main,1 absent ref; source fully present in main,False,"{""sourceContainedInMain"":true,""sourceContainedInShippedRelease"":true,""initialSourceContainedInMain"":true,""initialSha"":""371fc64784212b14d74909d46791b9b4e24a4ae0"",""firstRecordedSha"":""371fc64784212b14d74909d46791b9b4e24a4ae0"",""currentSha"":null,""successorAncestry"":[145],""action"":{""repo"":""tdf-mobile"",""branch"":""test/interaction-native-fixtures-20260928"",""sha"":""371fc64784212b14d74909d46791b9b4e24a4ae0"",""action"":""deleted fully-main-contained ref"",""main"":""12a472ecb68e9a9c0bcba81baf0fafa551d59253"",""timestamp"":""2026-10-03T23:38:37.464061+00:00""},""prState"":null,""recoveryBundle"":""tdf-mobile-preprune.bundle""}"
ui/redesign-tab-bar,,fa42e31fd6df563e2c34a7a2954a2417ebc7ca59,main,1 absent ref; source fully present in main,False,"{""sourceContainedInMain"":true,""sourceContainedInShippedRelease"":true,""initialSourceContainedInMain"":true,""initialSha"":""fa42e31fd6df563e2c34a7a2954a2417ebc7ca59"",""firstRecordedSha"":""fa42e31fd6df563e2c34a7a2954a2417ebc7ca59"",""currentSha"":null,""successorAncestry"":[145],""action"":{""repo"":""tdf-mobile"",""branch"":""ui/redesign-tab-bar"",""sha"":""fa42e31fd6df563e2c34a7a2954a2417ebc7ca59"",""action"":""deleted fully-main-contained ref"",""main"":""12a472ecb68e9a9c0bcba81baf0fafa551d59253"",""timestamp"":""2026-10-03T23:38:37.464068+00:00""},""prState"":null,""recoveryBundle"":""tdf-mobile-preprune.bundle""}"
