branch,sha,pr,base,disposition,successors,ahead,behind,gitlinks
agent/event-discovery,7225a65bc9599bcd5791d0dd730904d66c7f536f,,,1 fully present in main (commit ancestry),"[115, 88, 85, 83, 82, 81, 79, 78, 76, 71, 61, 54, 51, 48, 47, 46]",0,333,[]
aria/exp-single-feature-onboarding-v1-posthog-spec,b1b146cd5647d37ca3d50b5c33b5f60b02b96f72,,,1 fully present in main (commit ancestry),"[115, 88, 85, 83, 82, 81, 79, 78, 76, 71, 61, 54, 51, 48, 47, 46]",0,346,[]
audit/event-operations-client-20260928,ede1f2a0ccf75f3794c7892f291e1751b279d19e,115,main,5 active independent tip; semantic/review qualification pending,[],4,0,[]
codex/mobile-publishing-audit-docs,868d8a0186695e3be209a2b53043d34d752cb278,,,1 fully present in main (commit ancestry),"[115, 88, 85, 83, 82, 81, 79, 78, 76, 71, 61, 54, 51, 48, 47, 46]",0,528,[]
codex/payment-held-refund-query-contract-20260916,b9222df77d0a187cca4359278704362ec17fb3af,85,codex/payment-reconciliation-evidence-contract-20260915,3 ancestor of open successor; retain until verified merge,[88],9,175,[]
codex/payment-query-observability-contract-20260915,d84fc3196202f2ac2468f78816b3c98fb4a22144,81,codex/payment-recovery-contract-20260914,3 ancestor of open successor; retain until verified merge,"[88, 85, 82]",6,175,[]
codex/payment-reconciliation-evidence-contract-20260915,33720ef45b0565005c4b54b0e0c106cc93831613,82,codex/payment-query-observability-contract-20260915,3 ancestor of open successor; retain until verified merge,"[88, 85]",7,175,[]
codex/payment-recovery-contract-20260914,9c86c459081b32b47579b9c95c8514029225ad75,79,codex/provider-neutral-ticket-checkout-20260911,3 ancestor of open successor; retain until verified merge,"[88, 85, 82, 81]",5,175,[]
codex/payment-stack-contract-integration-20260916,ff77c2060034762f69aed81473c8f94a25684d7e,88,codex/payment-held-refund-query-contract-20260916,5 active independent tip; semantic/review qualification pending,[],15,112,[]
codex/platform-internationalization,75c1fbb9a61ca80549ede8c7908d013f2a8f4c83,,,1 fully present in main (commit ancestry),"[115, 88, 85, 83, 82, 81, 79, 78, 76, 71, 61, 54, 51, 48, 47, 46]",0,328,[]
codex/provider-neutral-ticket-checkout-20260911,90a08f56fcd8df08dac2effd9253bceeb2c3e9a8,78,main,3 ancestor of open successor; retain until verified merge,"[88, 85, 82, 81, 79]",4,175,[]
codex/studio-internship-audit,dac57203f81c66b2ef6cf015daf00d5773fc304b,,,1 fully present in main (commit ancestry),"[115, 88, 85, 83, 82, 81, 79, 78, 76, 71, 61, 54, 51, 48, 47, 46]",0,294,[]
codex/verified-review-system,ba02fa87771056eeef7a01d52fa650bd6d2b635b,,,1 fully present in main (commit ancestry),"[115, 88, 85, 83, 82, 81, 79, 78, 76, 71, 61, 54, 51, 48, 47, 46]",0,295,[]
continuous-improvement-loop/dirty/codex/mobile-publishing-audit-docs/dirty-worktree-2026-04-08t01-06-07,30d5bfb17194f738175a8ceb6c4a3f0d9741878c,,,1 fully present in main (commit ancestry),"[115, 88, 85, 83, 82, 81, 79, 78, 76, 71, 61, 54, 51, 48, 47, 46]",0,527,[]
continuous-improvement-loop/dirty/codex/mobile-publishing-audit-docs/dirty-worktree-2026-04-08t04-17-54-676z,f5e20346aa1a45f8ddfb3beba80653e0d1ce7719,,,1 fully present in main (commit ancestry),"[115, 88, 85, 83, 82, 81, 79, 78, 76, 71, 61, 54, 51, 48, 47, 46]",0,527,[]
continuous-improvement-loop/dirty/codex/mobile-publishing-audit-docs/dirty-worktree-2026-04-09t02-48-24-674z,9d4933f328b86c9bc7b65af6fd5621ae947f6db2,,,1 fully present in main (commit ancestry),"[115, 88, 85, 83, 82, 81, 79, 78, 76, 71, 61, 54, 51, 48, 47, 46]",0,527,[]
continuous-improvement-loop/dirty/codex/mobile-publishing-audit-docs/dirty-worktree-2026-04-09t04-09-14-529z,ecf194e0a72d5d5c49379643f2ec832578a93a8f,,,1 fully present in main (commit ancestry),"[115, 88, 85, 83, 82, 81, 79, 78, 76, 71, 61, 54, 51, 48, 47, 46]",0,527,[]
continuous-improvement-loop/dirty/codex/mobile-publishing-audit-docs/dirty-worktree-2026-04-09t10-35-01-023z,d9f11cb60b8e13cc5e12997a3df6ebadf855496e,,,1 fully present in main (commit ancestry),"[115, 88, 85, 83, 82, 81, 79, 78, 76, 71, 61, 54, 51, 48, 47, 46]",0,475,[]
continuous-improvement-loop/dirty/continuous-improvement-loop/dirty/codex/mobile-publishing-audit-docs/dirty-worktree-2026-04-09t10-35-01-023z/dirty-worktree-2026-04-09t10-35-20-150z,e4c2473495c43ea19969fbaf3341cb8a4943256c,,,1 fully present in main (commit ancestry),"[115, 88, 85, 83, 82, 81, 79, 78, 76, 71, 61, 54, 51, 48, 47, 46]",0,526,[]
continuous-improvement-loop/dirty/continuous-improvement-loop/dirty/codex/mobile-publishing-audit-docs/dirty-worktree-2026-04-09t10-35-01-023z/dirty-worktree-2026-04-09t12-02-57-802z,663a3034d29535a4e21d260d31a4da71b1f81518,,,1 fully present in main (commit ancestry),"[115, 88, 85, 83, 82, 81, 79, 78, 76, 71, 61, 54, 51, 48, 47, 46]",0,526,[]
continuous-improvement-loop/dirty/continuous-improvement-loop/dirty/codex/mobile-publishing-audit-docs/dirty-worktree-2026-04-09t10-35-01-023z/dirty-worktree-2026-04-09t12-07-19-778z,bf91d6af9eb513b968c0d994fc5b5aac98726b7d,,,1 fully present in main (commit ancestry),"[115, 88, 85, 83, 82, 81, 79, 78, 76, 71, 61, 54, 51, 48, 47, 46]",0,526,[]
continuous-improvement-loop/dirty/continuous-improvement-loop/dirty/codex/mobile-publishing-audit-docs/dirty-worktree-2026-04-09t10-35-01-023z/dirty-worktree-2026-04-09t12-12-39-289z,230ae09dfca3f8df904b89bc53c61e7e8b443842,,,1 fully present in main (commit ancestry),"[115, 88, 85, 83, 82, 81, 79, 78, 76, 71, 61, 54, 51, 48, 47, 46]",0,526,[]
feat/ab-experiment-infrastructure,51565eaba134bcbb6578aee6dff622041bda6884,,,1 fully present in main (commit ancestry),"[115, 88, 85, 83, 82, 81, 79, 78, 76, 71, 61, 54, 51, 48, 47, 46]",0,388,[]
feat/artist-enrichment-registry-20260807,4d270a23788ac8f007e25c7fe72bbf440822e413,,,1 fully present in main (commit ancestry),"[115, 88, 85, 83, 82, 81, 79, 78, 76, 71, 61, 54, 51, 48, 47, 46]",0,325,[]
feat/contextual-reputation,9dfaca7d9252db5a35214f0c3305d85869cf56cd,,,1 fully present in main (commit ancestry),"[115, 88, 85, 83, 82, 81, 79, 78, 76, 71, 61, 54, 51, 48, 47, 46]",0,217,[]
feat/payment-capabilities-contract-20260909,b08f0c600468773f13e9c1b8c2701df5b7673467,76,main,5 active independent tip; semantic/review qualification pending,[],1,178,[]
feat/stripe-paymentsheet,80697ecaca03072ba6f130cb655c5677b8aaacb7,,,1 fully present in main (commit ancestry),"[115, 88, 85, 83, 82, 81, 79, 78, 76, 71, 61, 54, 51, 48, 47, 46]",0,372,[]
feat/unified-revenue-platform-20260813,14e3c0a3b25e3546031e9c7157603bee3f1a4356,,,1 fully present in main (commit ancestry),"[115, 88, 85, 83, 82, 81, 79, 78, 76, 71, 61, 54, 51, 48, 47, 46]",0,272,[]
feat-admin-operations-control-center,0505314db01a3c70f1006a5a1b6e574d78bebf36,,,1 fully present in main (commit ancestry),"[115, 88, 85, 83, 82, 81, 79, 78, 76, 71, 61, 54, 51, 48, 47, 46]",0,324,[]
feature/event-moment-privacy-20260908-reviewed,3409aeb692ee754525567412ec053b6ae18c2458,48,feature/moment-reaction-evidence-20260907-reviewed,3 ancestor of open successor; retain until verified merge,"[71, 61, 54, 51]",4,175,[]
feature/event-save-continuity-20260907-reviewed,ee3f20955b11f66a6663aa9dd4fb023e8eec749c,46,main,3 ancestor of open successor; retain until verified merge,"[71, 61, 54, 51, 48, 47]",1,175,[]
feature/moment-reaction-evidence-20260907-reviewed,bc02f52d0cc9bc31d66afcfd0e6f1c28d14466d8,47,feature/event-save-continuity-20260907-reviewed,3 ancestor of open successor; retain until verified merge,"[71, 61, 54, 51, 48]",2,175,[]
feature/onboarding-completion-retry-20260908-reviewed,c790ab586ac324c31bc43e8899de36e9f93803e6,54,feature/onboarding-recovery-localization-20260908-reviewed,3 ancestor of open successor; retain until verified merge,"[71, 61]",9,175,[]
feature/onboarding-cross-device-reconciliation-20260909,f487de478939b3c19a62b5f54aa876d96a4eb32c,61,feature/onboarding-completion-retry-20260908-reviewed,3 ancestor of open successor; retain until verified merge,[71],10,175,[]
feature/onboarding-recovery-localization-20260908-reviewed,3b7bf3ed28fc7d95ec9fac84bddc0fa5ba5ceafc,51,feature/event-moment-privacy-20260908-reviewed,3 ancestor of open successor; retain until verified merge,"[71, 61, 54]",6,175,[]
feature/public-booking-idempotency-contract-20260909,57abd23c0522133274e5bc2aa1a7e524d94dd62b,71,main,5 active independent tip; semantic/review qualification pending,[],11,175,[]
fix/access-request-requester-name-20260916,bd918826fae055b51f96870fcf297920b78a2376,,,1 fully present in main (commit ancestry),"[115, 88]",0,173,[]
fix/ci-green-baseline-20260912,790e03e1fb19083a92c2828a8b77ba1016fd53e4,,,1 fully present in main (commit ancestry),"[115, 88]",0,174,[]
fix/event-end-optional-20260817,28f8837f8abf1574749e0faec669de3fb3a6813b,,,1 fully present in main (commit ancestry),"[115, 88, 85, 83, 82, 81, 79, 78, 76, 71, 61, 54, 51, 48, 47, 46]",0,298,[]
fix/onboarding-root-contract-20260910,84f5c663b2c4f020c17b2441bb92996e0b5a46b1,,,5 active independent tip; semantic/review qualification pending,[],1,151,[]
fix/payment-component-environment-20260916,3cfe24ea71b977ad99c94cc488f68d1a9b7eaa65,,,5 active independent tip; semantic/review qualification pending,[],4,175,[]
fix/payment-intent-environment-20260916,3d4ef4088fea2e49f9e0b23d997bb075e6df40c1,,,5 active independent tip; semantic/review qualification pending,[],3,175,[]
fix/payment-main-client-integration-20260916,c62ec903586a9f0833e079cdc3297c444174d275,,,5 active independent tip; semantic/review qualification pending,[],6,171,[]
fix/payment-summary-environment-audit-20260916,337d46f25a8b7c7c688aa3657ffb599ecb4c47c7,83,codex/provider-neutral-ticket-checkout-20260911,3 ancestor of open successor; retain until verified merge,[88],4,175,[]
fix/pr331-social-mobile-integration-20260916,3ac7232a057f194d941df4a7c1f097843aa6361d,,,5 active independent tip; semantic/review qualification pending,[],6,171,[]
main,12a472ecb68e9a9c0bcba81baf0fafa551d59253,,,main authority,[115],0,0,[]
test/interaction-native-fixtures-20260928,371fc64784212b14d74909d46791b9b4e24a4ae0,,,1 fully present in main (commit ancestry),[115],0,18,[]
ui/redesign-tab-bar,fa42e31fd6df563e2c34a7a2954a2417ebc7ca59,,,1 fully present in main (commit ancestry),"[115, 88, 85, 83, 82, 81, 79, 78, 76, 71, 61, 54, 51, 48, 47, 46]",0,532,[]
