feature_id,parent_feature,classification,route_type,web_route,mobile_kind,mobile_destination,mobile_exception,label_es,label_en,synonyms_es,synonyms_en,keywords,navigation_group,breadcrumb,authentication,roles,modules,actions,route_action,record_scope,maturity,feature_flag,global_menu,quick_create,favorite_eligible,pin_eligible,recent_behavior,telemetry_id,access_request_eligible,interface_expected,technical,searchable
public.platform,,primary-destination,primary,/tdf,external-web,https://tdf-app.pages.dev/tdf,,TDF,TDF,inicio público|plataforma,public home|platform,tdf|records|studio,people,,public,,,discover|view,view,none,stable,,false,,false,false,none,public.platform,false,true,false,true
public.commerce,public.platform,primary-destination,primary,/comercio,external-web,https://tdf-app.pages.dev/comercio,,Servicios TDF,TDF Services,comercio|tienda|servicios,commerce|store|services,commerce|checkout|services,people,public.platform,public,,,discover|view,view,none,stable,,false,,false,false,none,public.commerce,false,true,false,true
public.distribution,public.commerce,primary-destination,primary,/distribucion,external-web,https://tdf-app.pages.dev/distribucion,Protected release management remains authenticated.,Distribución musical,Music distribution,distribuir música|ddex,distribute music|ddex,distribution|ddex|release,label,public.platform > public.commerce,public,,,discover|view,view,none,pilot,distribution.public_storefront,false,,false,false,none,public.distribution,false,true,false,true
home,,primary-destination,primary,/inicio,external-web,https://tdf-app.pages.dev/inicio,The pinned native client does not yet include the directory landing route; use the public responsive web home.,Inicio,Home,panel|dashboard,dashboard|start,home|overview,create,,public,,,discover|view,view,none,stable,,true,,true,true,feature,home,true,true,false,true
directory.search,,primary-destination,primary,/buscar,native,/(tabs)/directory,,Directorio musical,Music directory,buscar músicos|clasificados|oportunidades,find musicians|classifieds|opportunities,directory|search|profiles|classifieds|events|venues,people,,public,,,discover|view,view,public-published-current-moderated,stable,,true,,true,true,feature,directory.search,false,true,false,true
directory.profile.public,directory.search,record-detail-contextual-action,contextual,/directorio/:slug,native-contextual,/directory/profile/[slug],,Perfil profesional,Professional profile,perfil público,public profile,profile|profession|portfolio,people,directory.search,public,,,discover|view,view,none,stable,,false,,false,false,record,directory.profile.public,false,true,false,true
directory.classified.public,directory.search,record-detail-contextual-action,contextual,/clasificados/:slug,native-contextual,/directory/classified/[slug],,Clasificado musical,Music classified,anuncio|convocatoria,ad|call,classified|opportunity|job,people,directory.search,public,,,discover|view,view,none,stable,,false,,false,false,record,directory.classified.public,false,true,false,true
directory.event.public,directory.search,record-detail-contextual-action,contextual,/eventos/:eventId,native-contextual,/directory/event/[id],,Evento público,Public event,concierto|fecha,concert|show,event|concert|public,people,directory.search,public,,,discover|view,view,none,stable,,false,,false,false,record,directory.event.public,false,true,false,true
directory.venue.public,directory.search,record-detail-contextual-action,contextual,/venues/:venueId,native-contextual,/directory/venue/[id],,Venue público,Public venue,sala|escenario,place|stage,venue|location|public,people,directory.search,public,,,discover|view,view,none,stable,,false,,false,false,record,directory.venue.public,false,true,false,true
directory.classifieds.manage,directory.search,primary-destination,primary,/mis-clasificados,native,/directory/manage,,Mis perfiles y anuncios,My profiles and classifieds,publicar anuncio|mi directorio,post classified|my directory,manage|profile|classified|application,create,directory.search,authenticated,,,discover|view|create|edit|submit,view,explicit-manager,stable,,true,create,true,true,feature,directory.classifieds.manage,false,true,false,true
directory.admin,directory.search,primary-destination,primary,/admin/directorio,web-only,,Administrative evidence review uses the responsive web control surface and is intentionally excluded from the native client.,Moderación del directorio,Directory moderation,reclamos de perfiles|verificaciones|anuncios reportados,profile claims|verifications|reported classifieds,directory|moderation|claims|verification|reports,admin,directory.search,authenticated,Admin,Admin,discover|view|administer,view,admin-audited-review,stable,,true,,true,true,record,directory.admin,false,true,false,true
community,,primary-destination,primary,/fans,native,/(tabs)/social,,Comunidad,Community,fans|clubes,fans|clubs,fan|community|club,people,,optional,,,discover|view|create|edit|delete,view,none,stable,,true,,true,true,feature,community,false,true,false,true
community.club,community,record-detail-contextual-action,contextual,/fans/clubs/:artistId,native-contextual,/artistDetail,,Club de fans,Fan club,club|fans del artista,club|artist fans,fanclub|artist,people,community,optional,,,discover|view|create|edit|delete,view,none,stable,,false,,false,false,record,community.club,false,true,false,true
community.member,community.club,record-detail-contextual-action,contextual,/fans/clubs/:artistId/members/:partyId,web-only,,No native equivalent yet.,Perfil de miembro,Member profile,miembro del club,club member,member|profile,people,community > community.club,authenticated,,,discover|view,view,none,stable,,false,,false,false,record,community.member,false,true,false,true
artist.public,community,record-detail-contextual-action,contextual,/artista/:slugOrId,native-contextual,/artistDetail,,Perfil público de artista,Public artist profile,artista|perfil,artist|profile,artist|public,people,community,public,,,discover|view,view,none,stable,,false,,false,false,record,artist.public,false,true,false,true
artist.onboarding,artist.public,important-submodule,important-submodule,/artista/crear,native,/createArtistProfile,,Crear perfil de artista,Create artist profile,alta artista,artist onboarding,artist|onboarding|create,people,community,optional,,,discover|view|create,create,none,stable,,false,,true,true,feature,artist.onboarding,true,true,false,true
marketplace,,primary-destination,primary,/marketplace,external-web,https://tdf-app.pages.dev/marketplace,Native commerce catalog is not implemented; secure checkout remains web based.,Tienda,Marketplace,marketplace|tienda,store|shop,commerce|orders|products,people,,optional,,,discover|view|create|edit|delete,view,none,stable,,true,,true,true,feature,marketplace,false,true,false,true
marketplace.order-tracking,marketplace,record-detail-contextual-action,contextual,/marketplace/orden/:orderId,external-web,,Order links are opened contextually from confirmations.,Seguimiento de orden,Order tracking,pedido|orden,order|shipment,order|tracking,people,marketplace,public,,,discover|view,view,none,stable,,false,,false,false,record,marketplace.order-tracking,false,true,false,true
service.mixing-mastering,marketplace,important-submodule,important-submodule,/mezcla-mastering,external-web,,Quote intake remains web based.,Mezcla y mastering,Mixing and mastering,mezcla|masterización,mixing|mastering,audio|service,people,marketplace,public,,,discover|view,view,none,stable,,false,,true,true,feature,service.mixing-mastering,false,true,false,true
bookings.public,,primary-destination,primary,/reservar,native,/(tabs)/bookings,,Reservar estudio,Book the studio,reserva|reservación|reservacion|agendar,booking|schedule,booking|studio|room,people,,public,,,discover|view|create,view,none,stable,,true,,true,true,feature,bookings.public,false,true,false,true
bookings.public-order-tracking,bookings.public,record-detail-contextual-action,contextual,/reservas/orden/:bookingId,external-web,,Secure guest tracking links are opened contextually from booking confirmations.,Seguimiento de reserva,Booking tracking,reserva|pago de reserva,booking|booking payment,booking|checkout|tracking,people,bookings.public,public,,,view|create,view,none,stable,,false,,false,false,record,bookings.public-order-tracking,false,true,false,true
bookings.dj-booth,bookings.public,important-submodule,important-submodule,/dj-booth,native,/(tabs)/bookings,,Reservar DJ booth,Book DJ booth,cabina dj,dj booth,dj|booking,people,bookings.public,public,,,discover|view,view,none,stable,,false,,true,true,feature,bookings.dj-booth,false,true,false,true
public.trials,,important-submodule,important-submodule,/trials,external-web,,Public trial scheduling is currently web based.,Agenda de pruebas,Trial lessons,clase de prueba,trial class,trial|lesson,people,,public,,,discover|view|create|edit|delete,view,none,stable,,true,,true,true,feature,public.trials,false,true,false,true
public.live-session-registration,,important-submodule,important-submodule,/live-sessions/registro,external-web,,File-heavy intake is web based.,Registro live sessions,Live sessions registration,registro en vivo,live intake,live|session|registration,people,,public,,,discover|view|create,view,none,stable,,true,,true,true,feature,public.live-session-registration,false,true,false,true
public.records,,primary-destination,primary,/records,external-web,,The native app exposes releases through artist profiles.,Lanzamientos públicos,Public releases,música|discos,music|records,release|music|catalog,people,,public,,,discover|view,view,none,stable,,true,,true,true,feature,public.records,false,true,false,true
public.donations,,primary-destination,primary,/donar,external-web,https://tdf-app.pages.dev/donar,,Donaciones,Donations,donar|apoyar,donate|support,donation|support,people,,public,,,discover|view,view,none,stable,,true,,true,true,feature,public.donations,false,true,false,true
public.domo,,primary-destination,primary,/domo-del-pululahua,external-web,https://tdf-app.pages.dev/domo-del-pululahua,,Domo Pululahua,Pululahua Dome,domo|venue,dome|venue,domo|pululahua|venue,people,,public,,,discover|view,view,none,stable,,true,,true,true,feature,public.domo,false,true,false,true
public.domo-quote,public.domo,record-detail-contextual-action,contextual,/domo-del-pululahua/cotizaciones/:quoteId,web-only,,The Domo guest lookup token is intentionally device-scoped; mobile has generated API types but no equivalent secure quote/deposit screen yet.,Cotización del Domo,Domo quote,reserva Domo|depósito Domo,Domo booking|Domo deposit,domo|quote|deposit|payment|tracking,people,public.domo,public,,,discover|view|create,view,none,beta,commerce.domo_quotes,false,,false,false,record,public.domo-quote,false,true,false,true
profile.detail,community,record-detail-contextual-action,contextual,/perfil/:partyId,native-contextual,/userProfile,,Perfil,Profile,contacto|persona,contact|person,profile|party,people,community,authenticated,,,discover|view,view,none,stable,,false,,false,false,record,profile.detail,true,true,false,true
social,,primary-destination,primary,/social,native,/(tabs)/social,,Conexiones,Connections,social|amigos,social|friends,social|connections|vcard,people,,authenticated,,,discover|view|create|delete,view,none,stable,,true,,true,true,feature,social,true,true,false,true
social.instagram,social,important-submodule,important-submodule,/social/instagram,web-only,,Provider OAuth administration is intentionally web only.,Instagram,Instagram,meta|ig,meta|ig,instagram|oauth,people,social,authenticated,,,discover|view|administer,view,none,stable,,true,,true,true,feature,social.instagram,true,true,false,true
social.vcard,social,important-submodule,important-submodule,,native,/(tabs)/vcard,"On web, vCard exchange is contextual inside Connections.",Intercambio vCard,vCard exchange,vcard|tarjeta|qr,vcard|contact card|qr,vcard|contact|exchange|qr,people,social,authenticated,,,discover|view|create,view,none,stable,,false,,true,true,feature,social.vcard,true,true,false,true
social.inbox,social,primary-destination,primary,/social/inbox,web-only,,Provider message administration requires the wider web workspace.,Inbox social,Social inbox,mensajes|bandeja,messages|inbox,instagram|facebook|whatsapp|inbox,people,social,authenticated,Admin|Manager|StudioManager|Reception|LiveSessionsProducer|Producer|AandR|Webmaster,CRM,discover|view|create,view,none,stable,,true,,true,true,feature,social.inbox,true,true,false,true
social.events,social,primary-destination,primary,/social/eventos,native,/(tabs)/events,,Eventos sociales,Social events,eventos|agenda social,events|social calendar,events|tickets|rsvp,people,social,authenticated,,,discover|view|create|edit|delete|publish,view,none,stable,,true,,true,true,feature,social.events,true,true,false,true
social.events.create,social.events,record-detail-contextual-action,contextual,/social/eventos/nuevo,native,/createEvent,,Nuevo evento,New event,crear evento,create event,event|create,people,social > social.events,authenticated,,,discover|view|create,create,none,stable,,false,create,false,false,feature,social.events.create,true,true,false,true
social.event.detail,social.events,record-detail-contextual-action,contextual,/social/eventos/:eventId,native-contextual,/eventDetail,,Detalle de evento,Event detail,evento,event,event|detail,people,social > social.events,authenticated,,,discover|view,view,none,stable,,false,,false,false,record,social.event.detail,true,true,false,true
social.event.logistics,social.event.detail,record-detail-contextual-action,contextual,/social/eventos/:eventId/logistica,native-contextual,/eventDetail,Native logistics remains embedded in event detail.,Logística del evento,Event logistics,producción|rutas,production|routes,logistics|assignment|route,people,social > social.events > social.event.detail,authenticated,,Scheduling,discover|view|create|edit|delete|assign,view,none,stable,,false,,false,false,record,social.event.logistics,true,true,false,true
social.discovery,social.events,important-submodule,important-submodule,/social/eventos-descubiertos,native,/(tabs)/events,,Eventos descubiertos,Discovered events,descubrimiento|agenda externa,discovery|external events,ticketmaster|discovery|city,people,social > social.events,authenticated,,,discover|view|administer,view,none,beta,EVENT_DISCOVERY_ENABLED,true,,true,true,feature,social.discovery,true,true,false,true
chat,social,primary-destination,primary,/chat,web-only,,Native direct-message screen is not implemented.,Chat,Chat,mensajes directos,direct messages,chat|dm,people,social,authenticated,,,discover|view|create,view,none,stable,,true,,true,true,feature,chat,true,true,false,true
crm.contacts,,primary-destination,primary,/crm/contactos,native,/(tabs)/parties,,Contactos,Contacts,personas|parties|crm,people|parties|crm,contact|party|crm,people,,authenticated,,CRM,discover|view|create|edit|delete|assign|export,view,none,stable,,true,create,true,true,feature,crm.contacts,true,true,false,true
crm.companies,crm.contacts,important-submodule,important-submodule,/crm/empresas,native,/(tabs)/parties,Native company records share the contacts screen.,Empresas,Companies,organizaciones,organizations,company|organization|crm,people,crm.contacts,authenticated,,CRM,discover|view|create|edit,view,none,stable,,true,,true,true,feature,crm.companies,true,true,false,true
crm.leads,crm.contacts,important-submodule,important-submodule,/crm/leads,web-only,,Lead qualification remains web only.,Leads,Leads,prospectos,prospects,lead|sales|crm,people,crm.contacts,authenticated,,CRM,discover|view|create|edit|assign,view,none,stable,,true,,true,true,feature,crm.leads,true,true,false,true
studio.calendar,,primary-destination,primary,/estudio/calendario,native,/(tabs)/bookings,,Calendario,Calendar,reservas|agenda,bookings|schedule,calendar|booking|studio,create,,authenticated,,Scheduling,discover|view|create|edit|delete,view,none,stable,,true,create,true,true,feature,studio.calendar,true,true,false,true
studio.rooms,studio.calendar,important-submodule,important-submodule,/estudio/salas,native,/(tabs)/bookings,Room choice is contextual in mobile bookings.,Salas y recursos,Rooms and resources,salas|estudios,rooms|studios,room|resource,create,studio.calendar,authenticated,,Scheduling,discover|view|create|edit,view,none,stable,,true,,true,true,feature,studio.rooms,true,true,false,true
studio.orders,studio.calendar,primary-destination,primary,/estudio/ordenes,web-only,,Full studio-order editing is not available natively.,Órdenes estudio,Studio orders,órdenes de servicio,service orders,order|service,create,studio.calendar,authenticated,,Scheduling,discover|view|create|edit|approve,view,none,stable,,true,,true,true,feature,studio.orders,true,true,false,true
studio.services,studio.orders,important-submodule,important-submodule,/estudio/servicios,web-only,,Catalog administration is web only.,Servicios,Services,catálogo de servicios,service catalog,service|catalog,create,studio.calendar,authenticated,,Scheduling,discover|view|create|edit|delete,view,none,stable,,true,,true,true,feature,studio.services,true,true,false,true
studio.pipelines,studio.calendar,primary-destination,primary,/estudio/pipelines,native,/(tabs)/pipelines,,Pipelines,Pipelines,kanban|flujos,kanban|workflows,pipeline|kanban|workflow,create,studio.calendar,authenticated,,Scheduling,discover|view|create|edit|delete|assign,view,none,stable,,true,,true,true,feature,studio.pipelines,true,true,false,true
studio.live-sessions,studio.calendar,important-submodule,important-submodule,/estudio/live-sessions,web-only,,Rider and file intake remains web only.,Sesiones en vivo,Live sessions,live sessions|sesiones,live intake|sessions,live|session|intake,create,studio.calendar,authenticated,,Scheduling,discover|view|create|edit,view,none,stable,,true,,true,true,feature,studio.live-sessions,true,true,false,true
studio.domo-campaign,studio.calendar,important-submodule,important-submodule,/estudio/campanas/tdf-sessions-domo,web-only,,Campaign production is web only.,Campaña Domo,Dome campaign,tdf sessions domo,tdf sessions dome,campaign|domo,create,studio.calendar,authenticated,,Scheduling,discover|view|edit,view,none,stable,,true,,true,true,feature,studio.domo-campaign,true,true,false,true
studio.reports,studio.calendar,primary-destination,primary,/estudio/reportes,web-only,,Report authoring/export is web only.,Reportes,Reports,informes|estadísticas,analytics|statements,report|export,create,studio.calendar,authenticated,,Scheduling,discover|view|export|report,view,none,stable,,true,,true,true,feature,studio.reports,true,true,false,true
school.teacher-portal,,primary-destination,primary,/mi-profesor,web-only,,Dedicated native teacher portal is pending.,Portal del profesor,Teacher portal,mis clases,my classes,teacher|portal,create,,authenticated,Teacher|Admin|Manager|StudioManager|Reception,Scheduling,discover|view|create|edit|delete,view,none,stable,,true,,true,true,feature,school.teacher-portal,true,true,false,true
school.teachers,school.teacher-portal,primary-destination,primary,/escuela/profesores,web-only,,Teacher administration is web only.,Profesores,Teachers,docentes,instructors,teacher|school,create,school.teacher-portal,authenticated,Admin|Manager|StudioManager|Reception,Scheduling,discover|view|create|edit,view,none,stable,,true,,true,true,feature,school.teachers,true,true,false,true
school.classes,school.teacher-portal,primary-destination,primary,/escuela/clases,web-only,,Class administration is web only.,Clases,Classes,sesiones de clase,class sessions,class|student|attendance,create,school.teacher-portal,authenticated,Admin|Manager|StudioManager|Reception,Scheduling,discover|view|create|edit,view,none,stable,,true,,true,true,feature,school.classes,true,true,false,true
school.trial-lessons,school.teacher-portal,important-submodule,important-submodule,/escuela/trial-lessons,web-only,,Trial administration is web only.,Clases de prueba,Trial lessons,pruebas|disponibilidad,trials|availability,trial|lesson|availability,create,school.teacher-portal,authenticated,Admin|Manager|StudioManager|Reception,Scheduling,discover|view|create|assign,view,none,stable,,true,,true,true,feature,school.trial-lessons,true,true,false,true
school.trial-queue,school.trial-lessons,important-submodule,important-submodule,/escuela/trial-queue,web-only,,Trial-request review is web only.,Solicitudes de prueba,Trial requests,bandeja de pruebas,trial inbox,trial|queue|assign,create,school.teacher-portal > school.trial-lessons,authenticated,Admin|Manager|StudioManager|Reception,Scheduling,discover|view|assign,view,none,stable,,true,,true,true,feature,school.trial-queue,true,true,false,true
internships,,primary-destination,primary,/practicas,web-only,,Intern time/project management is web only.,Panel de pasantes,Intern portal,prácticas|pasantes,internships|interns,intern|project|hours,create,,authenticated,Intern|Admin|Manager|StudioManager,Internships,discover|view|create|edit|delete|approve,view,none,stable,,true,,true,true,feature,internships,true,true,false,true
label.artists,,primary-destination,primary,/label/artistas,native,/(tabs)/events,Native artist discovery is contextual to events and profiles.,Artistas,Artists,roster|catálogo,roster|catalog,artist|label|roster,label,,authenticated,Admin|StudioManager|Webmaster,Admin,discover|view|create|edit|delete|report,view,none,stable,,true,,true,true,feature,label.artists,true,true,false,true
label.projects,label.artists,primary-destination,primary,/label/proyectos,web-only,,Project planning is web only.,Proyectos,Projects,proyectos de sello,label projects,project|label,label,label.artists,authenticated,Admin|Webmaster,Admin,discover|view|create|edit|assign,view,none,stable,,true,,true,true,feature,label.projects,true,true,false,true
label.releases,label.artists,primary-destination,primary,/label/releases,external-web,,Native release creation is not implemented; artist releases remain viewable contextually.,Lanzamientos,Releases,discos|singles|álbumes,records|singles|albums,release|catalog|music,label,label.artists,authenticated,Admin|StudioManager,Admin,discover|view|create|edit|delete|publish|export,view,none,stable,,true,create,true,true,feature,label.releases,true,true,false,true
label.assets,label.releases,important-submodule,important-submodule,/label/assets,web-only,,Asset upload/preview is web only.,Activos,Assets,archivos|masters,files|masters,asset|file|master,label,label.artists > label.releases,authenticated,Admin|Manager|StudioManager|Webmaster|Maintenance,Ops,discover|view|create|edit|delete,view,none,stable,,true,,true,true,feature,label.assets,true,true,false,true
label.tracks,label.releases,important-submodule,important-submodule,/label/tracks,web-only,,Track management is web only.,Pistas,Tracks,canciones|masters,songs|masters,track|song,label,label.artists > label.releases,authenticated,Artist|Artista|Admin,,discover|view|create|edit|delete,view,none,stable,,true,,true,true,feature,label.tracks,true,true,false,true
label.ddex.inbox,,primary-destination,primary,/label/ddex,native,/ddex,,DDEX / Bandeja,DDEX / Inbox,ddex|ern|bandeja ddex|importar ddex|validar ddex,ddex|ern|ddex inbox|import ddex|validate ddex,DDEX|ERN|import|validation,label,,authenticated,,Catalog,discover|view|import|validate|export,view,none,beta,,true,import,true,true,feature,label.ddex.inbox,true,true,false,true
label.ddex.document,label.ddex.inbox,record-detail-contextual-action,contextual,/label/ddex/documents/:id,native-contextual,/ddex/document/[id],,Documento DDEX,DDEX document,detalle ern|validación,ern detail|validation,DDEX|document|validation,label,label.ddex.inbox,authenticated,,Catalog,discover|view|validate,view,none,stable,,false,,false,false,record,label.ddex.document,true,true,false,true
label.ddex.import,label.ddex.document,record-detail-contextual-action,contextual,/label/ddex/documents/:id/import,security-concealed,,The import engine and conflict resolution are not implemented; the inbox explains this limitation.,Importar DDEX,Import DDEX,plan de importación,import plan,DDEX|import|conflict,label,label.ddex.inbox > label.ddex.document,authenticated,Admin|Manager|StudioManager|LabelRep|AandR,Catalog,discover|view|import|approve,import,none,incomplete,,false,,false,false,record,label.ddex.import,true,true,false,true
label.ddex.partners,label.ddex.inbox,important-submodule,important-submodule,/label/ddex/partners,native,/ddex/partners,,DDEX / Partners,DDEX / Partners,socios ddex|dpid,ddex partners|dpid,DDEX|partner|DPID,label,label.ddex.inbox,authenticated,Admin|StudioManager|LabelRep|AandR,Catalog,discover|view|create|edit|delete|administer,view,none,beta,,false,,true,true,feature,label.ddex.partners,true,true,false,true
operations.control-center,,primary-destination,primary,/dashboard/operations,native,/operations,,Centro de operaciones,Operations center,bandeja operativa|control administrativo|notificaciones,operational inbox|admin control|notifications,operations|inbox|sla|kanban|alerts,operate,,authenticated,Admin|Manager|StudioManager|Accounting|Reception|Teacher|Engineer|LiveSessionsProducer|Producer|AandR|Maintenance|ReadOnly,,discover|view|create|edit|assign|approve|administer,view,organization-branch-role-assignment,stable,operations_enabled,true,,true,true,feature,operations.control-center,true,true,false,true
operations.inventory,,primary-destination,primary,/operacion/inventario,native,/(tabs)/inventory,,Inventario,Inventory,equipos|activos,equipment|assets,inventory|equipment|maintenance,operate,,authenticated,Admin|Manager|StudioManager|Webmaster|Maintenance,,discover|view|create|edit|delete|assign|report,view,none,stable,,true,,true,true,feature,operations.inventory,true,true,false,true
operations.marketplace-orders,marketplace,primary-destination,primary,/operacion/ordenes-marketplace,web-only,,Order operations and refunds are web only.,Órdenes tienda,Store orders,pedidos marketplace,marketplace orders,marketplace|order|refund,operate,marketplace,authenticated,Admin|Manager|StudioManager|Webmaster|Maintenance,,discover|view|create|edit|delete|approve|export,view,none,stable,,true,,true,true,feature,operations.marketplace-orders,true,true,false,true
operations.equipment-bookings,operations.inventory,important-submodule,important-submodule,/operacion/reservas-equipo,native,/(tabs)/inventory,Equipment reservations are contextual in native inventory.,Reservas equipo,Equipment bookings,préstamos equipo,equipment loans,equipment|reservation|checkout,operate,operations.inventory,authenticated,Admin|Manager|StudioManager|Webmaster|Maintenance,,discover|view|create|edit,view,none,stable,,true,,true,true,feature,operations.equipment-bookings,true,true,false,true
finance.payments,,primary-destination,primary,/finanzas/pagos,web-only,,Financial operations are intentionally web only.,Pagos,Payments,finanzas|cobros,finance|collections,payment|invoice|finance,operate,,authenticated,,Invoicing,discover|view|create|edit|export|report,view,none,stable,,true,,true,true,feature,finance.payments,true,true,false,true
finance.account-report-builder,finance.payments,important-submodule,important-submodule,/finanzas/creador-reporte-cuenta,web-only,,PDF/report authoring is web only.,Creador de reportes,Report builder,reporte de cuenta,account report,report|account|export,operate,finance.payments,authenticated,,Invoicing,discover|view|report|export,view,none,stable,,true,,true,true,feature,finance.account-report-builder,true,true,false,true
finance.esteban-report,finance.payments,important-submodule,important-submodule,/finanzas/reporte-esteban-munoz,web-only,,Named financial report is web only.,Reporte Esteban,Esteban report,reporte promoción,promotion report,report|artist|promotion,operate,finance.payments,authenticated,,Invoicing,discover|view|report|export,view,none,stable,,true,,true,true,feature,finance.esteban-report,true,true,false,true
finance.david-report,finance.payments,important-submodule,important-submodule,/finanzas/reporte-david-celaya,web-only,,Named financial report is web only.,Reporte David,David report,reporte cuenta,account report,report|account,operate,finance.payments,authenticated,,Invoicing,discover|view|report|export,view,none,stable,,true,,true,true,feature,finance.david-report,true,true,false,true
admin.catalogs,,primary-destination,primary,/configuracion/catalogos,native,/catalogs,,Catálogos,Catalogs,datos maestros|listas administrables,master data|managed lists,catalog|taxonomy|reference-data,admin,,authenticated,Admin,Catalog,discover|view|create|edit|deactivate|import|export|submit|approve|reject|publish|administer,view,none,stable,,true,,true,true,feature,admin.catalogs,false,true,false,true
admin.catalogs.radio-auto-stop,admin.catalogs,important-submodule,important-submodule,/configuracion/catalogos/radio-auto-stop,web-only,,This specialized editor is currently available in web catalog administration.,Parada automática de radio,Radio auto-stop,radio|límite de reproducción,radio|playback limit,catalog|radio|auto-stop,admin,admin.catalogs,authenticated,Admin,Catalog,discover|view|edit,view,none,stable,,false,,true,true,feature,admin.catalogs.radio-auto-stop,true,true,false,true
admin.catalogs.appearance,admin.catalogs,important-submodule,important-submodule,/configuracion/catalogos/apariencia,web-only,,This specialized editor is currently available in web catalog administration.,Apariencia,Appearance,tema|modo de color,theme|color mode,catalog|appearance|theme,admin,admin.catalogs,authenticated,Admin,Catalog,discover|view|edit,view,none,stable,,false,,true,true,feature,admin.catalogs.appearance,true,true,false,true
admin.catalogs.feedback,admin.catalogs,important-submodule,important-submodule,/configuracion/catalogos/feedback,web-only,,This specialized editor is currently available in web catalog administration.,Catálogos de feedback,Feedback catalogs,categorías de feedback|severidades,feedback categories|severities,catalog|feedback|severity,admin,admin.catalogs,authenticated,Admin,Catalog,discover|view|edit,view,none,stable,,false,,true,true,feature,admin.catalogs.feedback,true,true,false,true
admin.catalogs.reactions,admin.catalogs,important-submodule,important-submodule,/configuracion/catalogos/reacciones,web-only,,This specialized editor is currently available in web catalog administration.,Reacciones,Reactions,reacciones sociales,social reactions,catalog|reaction|social,admin,admin.catalogs,authenticated,Admin,Catalog,discover|view|edit,view,none,stable,,false,,true,true,feature,admin.catalogs.reactions,true,true,false,true
admin.catalogs.content-reactions,admin.catalogs,important-submodule,important-submodule,/configuracion/catalogos/reacciones-contenido,web-only,,This specialized editor is currently available in web catalog administration.,Reacciones de contenido,Content reactions,reacciones editoriales,editorial reactions,catalog|reaction|content,admin,admin.catalogs,authenticated,Admin,Catalog,discover|view|edit,view,none,stable,,false,,true,true,feature,admin.catalogs.content-reactions,true,true,false,true
admin.catalogs.creator-badges,admin.catalogs,important-submodule,important-submodule,/configuracion/catalogos/insignias-creadores,web-only,,This specialized editor is currently available in web catalog administration.,Insignias de creadores,Creator badges,badges de creadores,creator labels,catalog|creator|badge,admin,admin.catalogs,authenticated,Admin,Catalog,discover|view|edit,view,none,stable,,false,,true,true,feature,admin.catalogs.creator-badges,true,true,false,true
admin.course-registrations,,primary-destination,primary,/configuracion/inscripciones-curso,web-only,,Registration review is web only.,Inscripciones de cursos,Course registrations,matrículas|registros,enrollments|registrations,course|registration|enrollment,admin,,authenticated,,Admin,discover|view|create|edit|delete|approve|export,view,none,stable,,true,,true,true,feature,admin.course-registrations,true,true,false,true
admin.courses,admin.course-registrations,important-submodule,important-submodule,/configuracion/cursos,web-only,,Course authoring is web only.,Cursos,Courses,constructor de cursos,course builder,course|builder|publish,admin,admin.course-registrations,authenticated,,Admin,discover|view|create|edit|publish,view,none,stable,,true,,true,true,feature,admin.courses,true,true,false,true
admin.users,,primary-destination,primary,/configuracion/usuarios-admin,security-concealed,,Sensitive user administration is concealed on mobile.,Usuarios admin,Admin users,usuarios|cuentas,users|accounts,user|account|role,admin,,authenticated,Admin,Admin,discover|view|create|edit|delete|deactivate|administer,view,none,stable,,true,,true,true,feature,admin.users,false,true,false,true
admin.roles,admin.users,primary-destination,primary,/configuracion/roles-permisos,security-concealed,,Sensitive authorization management is concealed on mobile.,Roles y permisos,Roles and permissions,accesos|rbac,access|rbac,role|permission|module,admin,admin.users,authenticated,Admin,Admin,discover|view|edit|administer,view,none,stable,,true,,true,true,feature,admin.roles,false,true,false,true
admin.system-status,,important-submodule,important-submodule,/configuracion/estado,web-only,,Operational status is web only.,Estado sistema,System status,salud|status,health|status,health|system|status,admin,,authenticated,,Admin,discover|view,view,none,stable,,true,,true,true,feature,admin.system-status,true,true,false,true
admin.activity,admin.system-status,important-submodule,important-submodule,/configuracion/actividad,web-only,,Audit activity is web only.,Actividad,Activity,auditoría,audit,activity|audit,admin,admin.system-status,authenticated,,Admin,discover|view|export,view,none,stable,,true,,true,true,feature,admin.activity,true,true,false,true
admin.logs,admin.system-status,important-submodule,important-submodule,/configuracion/logs,web-only,,Logs are web only.,Logs,Logs,registros|errores,records|errors,log|error|diagnostic,admin,admin.system-status,authenticated,,Admin,discover|view|delete,view,none,stable,,true,,true,true,feature,admin.logs,true,true,false,true
admin.diagnostics,admin.system-status,important-submodule,important-submodule,/admin/diagnosticos,web-only,,Diagnostics are web only.,Diagnósticos,Diagnostics,diagnóstico técnico,technical diagnostics,diagnostic|system,admin,admin.system-status,authenticated,,Admin,discover|view|administer,view,none,stable,,true,,true,true,feature,admin.diagnostics,true,true,false,true
admin.commerce-provider-events,admin.system-status,important-submodule,important-submodule,/admin/commerce/provider-events,web-only,,Encrypted payment-event operations require the strict-admin desktop workflow.,Eventos de pago,Payment events,webhooks de pago|dead letters de pago,payment webhooks|payment dead letters,payment|webhook|provider-event|retry|dead-letter,admin,admin.system-status,authenticated,Admin,Admin,discover|view|administer,view,verified-provider-event,beta,,true,,true,true,feature,admin.commerce-provider-events,false,true,false,true
admin.artist-enrichment,admin.system-status,important-submodule,important-submodule,/admin/artistas-enriquecimiento,security-concealed,,Artist enrichment review is restricted to strict administrators on the web.,Enriquecimiento de artistas,Artist enrichment,investigación de artistas|revisión de artistas,artist research|artist review,artist|enrichment|identity|provenance|media,admin,admin.system-status,authenticated,Admin,Admin,discover|view|create|edit,view,none,stable,,true,,true,true,feature,admin.artist-enrichment,false,true,false,true
admin.brain,admin.system-status,important-submodule,important-submodule,/configuracion/brain,web-only,,Knowledge administration is web only.,Brain y RAG,Brain and RAG,conocimiento|rag,knowledge|rag,brain|rag|ai,admin,admin.system-status,authenticated,,Admin,discover|view|create|edit|administer,view,none,stable,,true,,true,true,feature,admin.brain,true,true,false,true
admin.calendar-integration,admin.system-status,important-submodule,important-submodule,/configuracion/integraciones/calendario,security-concealed,,OAuth administration is web only.,Calendario Google,Google Calendar,integración calendario,calendar integration,google|calendar|oauth,admin,admin.system-status,authenticated,Admin,Admin,discover|view|administer,view,none,stable,,true,,true,true,feature,admin.calendar-integration,false,true,false,true
admin.cms,,primary-destination,primary,/configuracion/cms,web-only,,Content authoring is web only.,CMS,CMS,contenido|páginas,content|pages,cms|content|publish,admin,,authenticated,Admin|Webmaster,Admin,discover|view|create|edit|delete|publish,view,none,stable,,true,,true,true,feature,admin.cms,true,true,false,true
admin.campaign-automations,admin.cms,important-submodule,important-submodule,/configuracion/campanas-automaticas,web-only,,Campaign automation is web only.,Campañas automáticas,Campaign automations,automatizaciones|ads,automations|ads,campaign|automation|ads,admin,admin.cms,authenticated,,Admin,discover|view|create|edit|publish,view,none,stable,,true,,true,true,feature,admin.campaign-automations,true,true,false,true
admin.event-sources,social.discovery,important-submodule,important-submodule,/configuracion/fuentes-eventos,security-concealed,,Provider administration is web only.,Fuentes de eventos,Event sources,proveedores eventos,event providers,event|source|ticketmaster,admin,social > social.events > social.discovery,authenticated,Admin,Admin,discover|view|administer,view,none,beta,EVENT_DISCOVERY_ENABLED,true,,true,true,feature,admin.event-sources,false,true,false,true
admin.whatsapp-consent,social.inbox,important-submodule,important-submodule,/configuracion/whatsapp-consentimiento,security-concealed,,Consent administration is web only.,WhatsApp consentimiento,WhatsApp consent,opt-in|consentimiento,opt-in|consent,whatsapp|consent|privacy,admin,social > social.inbox,authenticated,Admin,Admin,discover|view|administer,view,none,stable,,true,,true,true,feature,admin.whatsapp-consent,false,true,false,true
admin.ux-options,admin.preferences,important-submodule,important-submodule,/configuracion/opciones-ux,web-only,,UX experiment controls are web only.,Opciones UX,UX options,experimentos interfaz,interface experiments,ux|experiment|option,admin,admin.preferences,authenticated,,Admin,discover|view|create|edit,view,none,beta,,true,,true,true,feature,admin.ux-options,true,true,false,true
admin.preferences,,primary-destination,primary,/configuracion/preferencias,web-only,,Administrative system preferences remain on the web; personal mobile preferences live under My profile.,Preferencias,Preferences,configuración|idioma,settings|language,preference|locale|currency|timezone,admin,,authenticated,,Admin,discover|view|edit,view,none,stable,,true,,true,true,feature,admin.preferences,true,true,false,true
tools.chatkit,,important-submodule,important-submodule,/herramientas/chatkit,web-only,,AI operations tooling is web only.,ChatKit,ChatKit,asistente ia,ai assistant,chatkit|ai,tools,,authenticated,Admin|Manager|StudioManager|Webmaster|Maintenance,,discover|view|create,view,none,beta,,true,,true,true,feature,tools.chatkit,true,true,false,true
tools.tidal-agent,,important-submodule,important-submodule,/herramientas/tidal-agent,web-only,,Experimental AI tooling is web only.,Agente Tidal,Tidal agent,tidal|agente música,tidal|music agent,tidal|agent|ai,tools,,authenticated,Admin|Manager|StudioManager|Webmaster|Maintenance,,discover|view|create,view,none,experimental,,true,,true,true,feature,tools.tidal-agent,true,true,false,true
tools.music-maker,,primary-destination,primary,/herramientas/creador-musical,external-web,,Browser audio tooling is web based.,Creador musical,Music maker,creador|música,maker|music,music|maker,tools,,public,,,discover|view,view,none,stable,,true,,true,true,feature,tools.music-maker,false,true,false,true
tools.admin-token,,important-submodule,important-submodule,/herramientas/token-admin,security-concealed,,API credentials are never exposed in mobile navigation.,Token API,API token,credencial api,api credential,token|api,tools,,authenticated,Admin,Admin,discover|view|administer,view,none,stable,,true,,true,true,feature,tools.admin-token,false,true,false,true
help.manual,,primary-destination,primary,/manual,native,/about,Native help links are consolidated under About.,Manual,Manual,ayuda|guía,help|guide,manual|help|guide,help,,authenticated,,,discover|view,view,none,stable,,true,,true,true,feature,help.manual,false,true,false,true
help.docs,help.manual,important-submodule,important-submodule,/docs,native,/about,Native documentation links are consolidated under About.,Documentación,Documentation,docs|api,docs|api,documentation|api,help,help.manual,authenticated,,,discover|view,view,none,stable,,true,,true,true,feature,help.docs,false,true,false,true
help.about,help.manual,important-submodule,important-submodule,/acerca,native,/about,,Acerca de,About,versión,version,about|version,help,help.manual,authenticated,,,discover|view,view,none,stable,,true,,true,true,feature,help.about,false,true,false,true
help.security,help.manual,important-submodule,important-submodule,/seguridad,native,/about,Native security links are consolidated under About.,Seguridad,Security,privacidad,privacy,security|privacy,help,help.manual,authenticated,,,discover|view,view,none,stable,,true,,true,true,feature,help.security,false,true,false,true
help.feedback,help.manual,important-submodule,important-submodule,/feedback,native,/about,Native feedback link is consolidated under About.,Sugerencias,Feedback,comentarios|soporte,suggestions|support,feedback|support,help,help.manual,optional,,,discover|view|create,view,none,stable,,true,,true,true,feature,help.feedback,false,true,false,true
navigation.quick-create,home,important-submodule,important-submodule,,native,/(tabs)/create,,Creación rápida,Quick create,crear|nuevo,create|new,quick|create|action,create,home,authenticated,,,discover|view,view,none,stable,,false,,false,false,none,navigation.quick-create,false,true,false,false
navigation.explore,home,important-submodule,important-submodule,,native,/(tabs)/more,,Explorar funciones,Explore features,menú|buscar funciones,menu|find features,navigation|search|features,help,home,authenticated,,,discover|view|edit|delete,view,none,stable,,false,,false,false,none,navigation.explore,false,true,false,false
profile.self,community,primary-destination,primary,,native,/(tabs)/profile,,Mi perfil,My profile,cuenta|perfil personal,account|personal profile,profile|account|settings,people,community,authenticated,,,discover|view|edit,view,none,stable,,false,,true,true,feature,profile.self,true,true,false,true
social.venues,social.events,important-submodule,important-submodule,,native,/venueExplorer,Venue administration currently has a native-first interface.,Lugares,Venues,venues|espacios,places|spaces,venue|location|event,people,social > social.events,authenticated,,,discover|view|create|edit,view,none,stable,,true,,true,true,feature,social.venues,true,true,false,true
social.venue.detail,social.venues,record-detail-contextual-action,contextual,,native-contextual,/venueDetail,,Detalle de lugar,Venue detail,lugar|venue,venue|place,venue|detail,people,social > social.events > social.venues,authenticated,,,discover|view,view,none,stable,,false,,false,false,record,social.venue.detail,true,true,false,true
social.venue.create,social.venues,record-detail-contextual-action,contextual,,native-contextual,/createVenue,,Nuevo lugar,New venue,crear venue,create venue,venue|create,people,social > social.events > social.venues,authenticated,Admin|Manager|StudioManager|Reception|Producer|LiveSessionsProducer|AandR,,discover|view|create,create,none,stable,,false,,false,false,none,social.venue.create,true,true,false,true
artist.profile.edit,artist.public,record-detail-contextual-action,contextual,,native-contextual,/editArtistProfile,,Editar perfil de artista,Edit artist profile,editar artista,edit artist,artist|profile|edit,people,community > artist.public,authenticated,Admin|Artist|Artista,,discover|view|edit,edit,none,stable,,false,,false,false,record,artist.profile.edit,true,true,false,true
studio.session.input-list,studio.calendar,record-detail-contextual-action,contextual,,native-contextual,/input-list/[id],,Lista de entradas,Input list,canales|microfonía,channels|microphones,session|input|patch,operate,studio.calendar,authenticated,,Scheduling,discover|view|export,view,none,stable,,false,,false,false,record,studio.session.input-list,true,true,false,true
social.tickets,social.events,important-submodule,important-submodule,,native,/tickets,Ticket wallet is native-first.,Mis entradas,My tickets,boletos|órdenes,passes|orders,ticket|order|event,people,social > social.events,authenticated,,,discover|view,view,none,stable,,true,,true,true,feature,social.tickets,true,true,false,true
social.ticket-checkout,social.event.detail,record-detail-contextual-action,contextual,/eventos/:eventId/entradas,native-contextual,/ticketCheckout,Native ticket checkout remains authenticated until it adopts the generated guest capability-token contract.,Comprar entrada,Buy ticket,checkout|pagar entrada,checkout|pay ticket,ticket|checkout|payment,people,social > social.events > social.event.detail,public,,,discover|view|create,create,none,beta,,false,,false,false,record,social.ticket-checkout,true,true,false,true
social.ticket-order-public,social.ticket-checkout,record-detail-contextual-action,contextual,/eventos/:eventId/orden/:orderId,web-only,,The guest lookup token is intentionally device-scoped; mobile has generated API types but no equivalent secure ticket tracker yet.,Seguimiento de entrada,Ticket order tracking,estado de entrada|orden de boletos,ticket status|ticket order,ticket|order|tracking|payment,people,social > social.events > social.event.detail > social.ticket-checkout,public,,,discover|view,view,none,beta,,false,,false,false,record,social.ticket-order-public,false,true,false,true
label.contracts.create,label.projects,important-submodule,important-submodule,,security-concealed,/contracts/NewContractScreen,The existing screen is an unwired placeholder.,Nuevo contrato,New contract,redactar contrato,draft contract,contract|draft|signature,label,label.projects,authenticated,Admin|Manager|StudioManager|Artist|Artista,,discover|view|create,create,none,incomplete,,false,,false,false,none,label.contracts.create,true,true,false,true
label.contracts.detail,label.contracts.create,record-detail-contextual-action,contextual,,security-concealed,/contracts/ContractViewScreen,The existing screen is an unwired placeholder.,Detalle de contrato,Contract detail,ver contrato,view contract,contract|detail|pdf,label,label.projects > label.contracts.create,authenticated,Admin|Manager|StudioManager|Artist|Artista,,discover|view,view,none,incomplete,,false,,false,false,record,label.contracts.detail,true,true,false,true
mobile.onboarding,public.platform,important-submodule,important-submodule,,native,/onboarding,Transient first-run flow; not included in feature search.,Introducción móvil,Mobile onboarding,bienvenida,welcome,onboarding|welcome,help,public.platform,public,,,discover|view,view,none,stable,,false,,false,false,none,mobile.onboarding,false,true,false,false
technical.mobile-entry,technical.auth-login,technical-route,technical,,technical,/,,Entrada móvil,Mobile entry,,,redirect,,,public,,,discover|view,view,none,stable,,false,,false,false,none,technical.mobile-entry,false,false,true,false
access-requests.mine,,primary-destination,primary,/solicitudes-acceso,native,/access-requests,,Solicitudes de acceso,Access requests,pedir permiso|mis solicitudes,request permission|my requests,access|permission|request,help,,authenticated,,,discover|view|edit,view,none,stable,,true,,true,true,feature,access-requests.mine,false,true,false,true
access-requests.create,access-requests.mine,important-submodule,important-submodule,/solicitudes-acceso/nueva,native,/access-requests/new,,Solicitar acceso,Request access,pedir permiso,request permission,access|request|permission,help,access-requests.mine,authenticated,,,discover|view|create,create,none,stable,,false,,false,false,feature,access-requests.create,false,true,false,true
access-requests.review,access-requests.mine,important-submodule,important-submodule,/solicitudes-acceso/revision,native,/access-requests/review,,Revisar accesos,Review access,aprobar permisos,approve permissions,access|review|approve|reject,admin,access-requests.mine,authenticated,Admin|Manager|StudioManager,,discover|view|approve|reject|administer,approve,none,stable,,true,,true,true,feature,access-requests.review,false,true,false,true
technical.auth-login,,technical-route,technical,/login,technical,/auth,,Inicio de sesión,Sign in,,,auth,,,public,,,discover|view,view,none,stable,,false,,false,false,none,technical.auth-login,false,true,true,false
technical.auth-reset,technical.auth-login,technical-route,technical,/reset,technical,/auth,Native reset is handled from authentication.,Restablecer contraseña,Reset password,,,auth|reset,,,public,,,discover|view,view,none,stable,,false,,false,false,none,technical.auth-reset,false,true,true,false
technical.oauth-google-drive,admin.calendar-integration,technical-route,technical,/oauth/google-drive/callback,technical,,,Callback Google Drive,Google Drive callback,,,oauth,,,optional,,,discover|view,view,none,stable,,false,,false,false,none,technical.oauth-google-drive,false,false,true,false
technical.oauth-instagram,social.instagram,technical-route,technical,/oauth/instagram/callback,technical,,,Callback Instagram,Instagram callback,,,oauth,,,optional,,,discover|view,view,none,stable,,false,,false,false,none,technical.oauth-instagram,false,false,true,false
technical.service-payment-return,service.mixing-mastering,technical-route,technical,/mezcla-mastering/pago-datafast,technical,,,Retorno de pago de servicio,Service payment return,,,payment|service,,,public,,,discover|view,view,none,stable,,false,,false,false,none,technical.service-payment-return,false,true,true,false
technical.payment-return,marketplace,technical-route,technical,/marketplace/pago-datafast,technical,,,Retorno de pago,Payment return,,,payment,,,public,,,discover|view,view,none,stable,,false,,false,false,none,technical.payment-return,false,true,true,false
technical.whatsapp-return,help.feedback,technical-route,technical,/whatsapp/ok,technical,,,Confirmación WhatsApp,WhatsApp confirmation,,,whatsapp,,,public,,,discover|view,view,none,stable,,false,,false,false,none,technical.whatsapp-return,false,true,true,false
technical.inventory-scan,operations.inventory,technical-route,technical,/inventario/scan/:token,technical,,,Escaneo de inventario,Inventory scan,,,scan,,,public,,,discover|view,view,signed-token,stable,,false,,false,false,none,technical.inventory-scan,false,false,true,false
technical.course-public,admin.courses,record-detail-contextual-action,contextual,/curso/:slug,external-web,,Public courses are opened from shared links.,Curso público,Public course,curso,course,course,people,,public,,,discover|view|submit,view,none,stable,,false,,false,false,record,technical.course-public,false,true,false,true
technical.course-registration,technical.course-public,record-detail-contextual-action,contextual,/inscripcion/:slug,external-web,,Course registration is a shareable web flow.,Inscripción de curso,Course registration,matrícula,enrollment,registration|course,people,technical.course-public,public,,,discover|view|submit,view,none,stable,,false,,false,false,record,technical.course-registration,false,true,false,true
technical.whatsapp-consent-public,admin.whatsapp-consent,record-detail-contextual-action,contextual,/whatsapp/consentimiento,external-web,,Consent links remain shareable web flows.,Consentimiento WhatsApp,WhatsApp consent,opt-in,opt-in,whatsapp|consent,help,,public,,,discover|view|submit,view,none,stable,,false,,false,false,none,technical.whatsapp-consent-public,false,true,false,true
experimental.future-stubs,,technical-route,technical,,technical,,,Stubs futuros,Future stubs,,,stub,,,authenticated,Admin,Admin,discover|view,view,none,incomplete,,false,,false,false,none,experimental.future-stubs,false,false,true,false
