"featureId","module","feature","scopeClassification","implementationClassifications","intendedInternAccess","documentationClassification","platformClassifications","role","mode","route","criticality","applicable","evidence"
"auth.login","Acceso, cuenta y experiencia transversal","Inicio de sesión válido e inválido","required_dependency_of_studio_workflow","implemented_and_accessible","available_with_intern_or_public_test_identity","implementation_and_route_evidence_documented","native_mobile | mobile_web_fallback","Intern","security","/login","critical","true","tdf-hq-ui/src/routes/protectedRoutes.tsx | tdf-hq/src/TDF/API.hs | tdf-hq/src/TDF/Server.hs | tdf-hq/assets/feature-registry.json"
"auth.session","Acceso, cuenta y experiencia transversal","Persistencia y vencimiento de sesión","required_dependency_of_studio_workflow","implemented_and_accessible","available_with_intern_or_public_test_identity","implementation_and_route_evidence_documented","native_mobile | mobile_web_fallback","Intern","security","/inicio","critical","true","tdf-hq-ui/src/routes/protectedRoutes.tsx | tdf-hq/src/TDF/API.hs | tdf-hq/src/TDF/Server.hs | tdf-hq/assets/feature-registry.json"
"auth.logout","Acceso, cuenta y experiencia transversal","Cierre de sesión y bloqueo de retroceso","required_dependency_of_studio_workflow","implemented_and_accessible","available_with_intern_or_public_test_identity","implementation_and_route_evidence_documented","native_mobile | mobile_web_fallback","Intern","security","/inicio","high","true","tdf-hq-ui/src/routes/protectedRoutes.tsx | tdf-hq/src/TDF/API.hs | tdf-hq/src/TDF/Server.hs | tdf-hq/assets/feature-registry.json"
"account.state","Acceso, cuenta y experiencia transversal","Cuenta activa, suspendida o incompleta","required_dependency_of_studio_workflow","implemented_but_inaccessible_to_intended_role","requires_approved_temporary_permission_or_scoped_staging_persona","implementation_and_route_evidence_documented","native_mobile | mobile_web_fallback","Admin de pruebas","security","/inicio","critical","true","tdf-hq-ui/src/routes/protectedRoutes.tsx | tdf-hq/src/TDF/API.hs | tdf-hq/src/TDF/Server.hs | tdf-hq/assets/feature-registry.json"
"navigation.discovery","Acceso, cuenta y experiencia transversal","Menú, buscador y descubrimiento de funciones","required_dependency_of_studio_workflow","implemented_and_accessible","available_with_intern_or_public_test_identity","implementation_and_route_evidence_documented","native_mobile | mobile_web_fallback","Intern","read","/inicio","high","true","tdf-hq-ui/src/routes/protectedRoutes.tsx | tdf-hq/src/TDF/API.hs | tdf-hq/src/TDF/Server.hs | tdf-hq/assets/feature-registry.json"
"navigation.direct-url","Acceso, cuenta y experiencia transversal","Acceso por URL directa y recarga","required_dependency_of_studio_workflow","implemented_and_accessible","available_with_intern_or_public_test_identity","implementation_and_route_evidence_documented","native_mobile | mobile_web_fallback","Intern","security","/estudio/calendario","high","true","tdf-hq-ui/src/routes/protectedRoutes.tsx | tdf-hq/src/TDF/API.hs | tdf-hq/src/TDF/Server.hs | tdf-hq/assets/feature-registry.json"
"localization.es-en","Acceso, cuenta y experiencia transversal","Consistencia entre español e inglés","shared_with_another_tdf_business_area","partially_implemented","requires_approved_temporary_permission_or_scoped_staging_persona","implementation_and_route_evidence_documented","native_mobile | mobile_web_fallback","Intern","read","/inicio","medium","true","tdf-hq-ui/src/routes/protectedRoutes.tsx | tdf-hq/src/TDF/API.hs | tdf-hq/src/TDF/Server.hs | tdf-hq/assets/feature-registry.json"
"responsive.layout","Acceso, cuenta y experiencia transversal","Diseño adaptable y web móvil","shared_with_another_tdf_business_area","implemented_and_accessible","available_with_intern_or_public_test_identity","implementation_and_route_evidence_documented","mobile_web_fallback","Intern","read","/estudio/calendario","high","true","tdf-hq-ui/src/routes/protectedRoutes.tsx | tdf-hq/src/TDF/API.hs | tdf-hq/src/TDF/Server.hs | tdf-hq/assets/feature-registry.json"
"accessibility.baseline","Acceso, cuenta y experiencia transversal","Teclado, foco, etiquetas, contraste y escala de texto","shared_with_another_tdf_business_area","partially_implemented","requires_approved_temporary_permission_or_scoped_staging_persona","implementation_and_route_evidence_documented","native_mobile | mobile_web_fallback","Intern","read","/inicio","high","true","tdf-hq-ui/src/routes/protectedRoutes.tsx | tdf-hq/src/TDF/API.hs | tdf-hq/src/TDF/Server.hs | tdf-hq/assets/feature-registry.json"
"crm.customers","CRM, contactos y oportunidades","Crear, editar y consultar clientes ficticios","required_dependency_of_studio_workflow","implemented_but_inaccessible_to_intended_role","requires_approved_temporary_permission_or_scoped_staging_persona","implementation_and_route_evidence_documented","native_mobile | mobile_web_fallback","Reception","mutation","/crm/contactos","high","true","tdf-hq-ui/src/pages/PartiesPage.tsx | tdf-hq-ui/src/pages/LeadsPage.tsx | tdf-hq/src/TDF/API.hs | tdf-hq/assets/feature-registry.json"
"crm.customer-search","CRM, contactos y oportunidades","Buscar, filtrar y exportar contactos","required_dependency_of_studio_workflow","implemented_but_inaccessible_to_intended_role","requires_approved_temporary_permission_or_scoped_staging_persona","implementation_and_route_evidence_documented","native_mobile | mobile_web_fallback","Reception","read","/crm/contactos","medium","true","tdf-hq-ui/src/pages/PartiesPage.tsx | tdf-hq-ui/src/pages/LeadsPage.tsx | tdf-hq/src/TDF/API.hs | tdf-hq/assets/feature-registry.json"
"crm.customer-duplicates","CRM, contactos y oportunidades","Prevenir o identificar clientes duplicados","required_dependency_of_studio_workflow","partially_implemented","requires_approved_temporary_permission_or_scoped_staging_persona","implementation_and_route_evidence_documented","native_mobile | mobile_web_fallback","Reception","mutation","/crm/contactos","high","true","tdf-hq-ui/src/pages/PartiesPage.tsx | tdf-hq-ui/src/pages/LeadsPage.tsx | tdf-hq/src/TDF/API.hs | tdf-hq/assets/feature-registry.json"
"crm.companies","CRM, contactos y oportunidades","Empresas y personas de contacto","shared_with_another_tdf_business_area","implemented_but_inaccessible_to_intended_role","requires_approved_temporary_permission_or_scoped_staging_persona","implementation_and_route_evidence_documented","native_mobile | mobile_web_fallback","Reception","mutation","/crm/empresas","medium","true","tdf-hq-ui/src/pages/PartiesPage.tsx | tdf-hq-ui/src/pages/LeadsPage.tsx | tdf-hq/src/TDF/API.hs | tdf-hq/assets/feature-registry.json"
"crm.leads","CRM, contactos y oportunidades","Crear y calificar leads para servicios de estudio","directly_within_studio_management_scope","implemented_but_inaccessible_to_intended_role","requires_approved_temporary_permission_or_scoped_staging_persona","implementation_and_route_evidence_documented","web_only | not_available_on_mobile","StudioManager","mutation","/crm/leads","high","true","tdf-hq-ui/src/pages/PartiesPage.tsx | tdf-hq-ui/src/pages/LeadsPage.tsx | tdf-hq/src/TDF/API.hs | tdf-hq/assets/feature-registry.json"
"crm.opportunities","CRM, contactos y oportunidades","Oportunidades y siguiente acción comercial","directly_within_studio_management_scope","partially_implemented","requires_approved_temporary_permission_or_scoped_staging_persona","implementation_and_route_evidence_documented","web_only | not_available_on_mobile","StudioManager","workflow","/crm/leads","high","true","tdf-hq-ui/src/pages/PartiesPage.tsx | tdf-hq-ui/src/pages/LeadsPage.tsx | tdf-hq/src/TDF/API.hs | tdf-hq/assets/feature-registry.json"
"crm.pipeline","CRM, contactos y oportunidades","Mover oportunidades por el pipeline","directly_within_studio_management_scope","implemented_but_inaccessible_to_intended_role","requires_approved_temporary_permission_or_scoped_staging_persona","implementation_and_route_evidence_documented","native_mobile | mobile_web_fallback","StudioManager","workflow","/estudio/pipelines","high","true","tdf-hq-ui/src/pages/PartiesPage.tsx | tdf-hq-ui/src/pages/LeadsPage.tsx | tdf-hq/src/TDF/API.hs | tdf-hq/assets/feature-registry.json"
"studio.calendar","Calendario, salas, recursos y reservas","Calendario del estudio","directly_within_studio_management_scope","implemented_but_inaccessible_to_intended_role","requires_approved_temporary_permission_or_scoped_staging_persona","implementation_and_route_evidence_documented","native_mobile | mobile_web_fallback","Reception","read","/estudio/calendario","critical","true","tdf-hq-ui/src/pages/BookingsPage.tsx | tdf-hq-ui/src/pages/RoomsPage.tsx | tdf-hq/src/TDF/API/Rooms.hs | tdf-hq/src/TDF/Server.hs | tdf-hq/assets/feature-registry.json"
"studio.rooms","Calendario, salas, recursos y reservas","Crear y mantener salas","directly_within_studio_management_scope","implemented_but_inaccessible_to_intended_role","requires_approved_temporary_permission_or_scoped_staging_persona","implementation_and_route_evidence_documented","native_mobile | mobile_web_fallback","StudioManager","mutation","/estudio/salas","critical","true","tdf-hq-ui/src/pages/BookingsPage.tsx | tdf-hq-ui/src/pages/RoomsPage.tsx | tdf-hq/src/TDF/API/Rooms.hs | tdf-hq/src/TDF/Server.hs | tdf-hq/assets/feature-registry.json"
"studio.resources","Calendario, salas, recursos y reservas","Recursos asociados a salas","directly_within_studio_management_scope","implemented_but_inaccessible_to_intended_role","requires_approved_temporary_permission_or_scoped_staging_persona","implementation_and_route_evidence_documented","native_mobile | mobile_web_fallback","StudioManager","mutation","/estudio/salas","critical","true","tdf-hq-ui/src/pages/BookingsPage.tsx | tdf-hq-ui/src/pages/RoomsPage.tsx | tdf-hq/src/TDF/API/Rooms.hs | tdf-hq/src/TDF/Server.hs | tdf-hq/assets/feature-registry.json"
"studio.availability","Calendario, salas, recursos y reservas","Disponibilidad de salas y recursos","directly_within_studio_management_scope","implemented_but_inaccessible_to_intended_role","requires_approved_temporary_permission_or_scoped_staging_persona","implementation_and_route_evidence_documented","native_mobile | mobile_web_fallback","Reception","workflow","/estudio/calendario","critical","true","tdf-hq-ui/src/pages/BookingsPage.tsx | tdf-hq-ui/src/pages/RoomsPage.tsx | tdf-hq/src/TDF/API/Rooms.hs | tdf-hq/src/TDF/Server.hs | tdf-hq/assets/feature-registry.json"
"studio.service-types","Calendario, salas, recursos y reservas","Tipos y definiciones de servicio","directly_within_studio_management_scope","implemented_but_inaccessible_to_intended_role","requires_approved_temporary_permission_or_scoped_staging_persona","implementation_and_route_evidence_documented","web_only | not_available_on_mobile","StudioManager","mutation","/estudio/servicios","high","true","tdf-hq-ui/src/pages/BookingsPage.tsx | tdf-hq-ui/src/pages/RoomsPage.tsx | tdf-hq/src/TDF/API/Rooms.hs | tdf-hq/src/TDF/Server.hs | tdf-hq/assets/feature-registry.json"
"studio.internal-booking","Calendario, salas, recursos y reservas","Crear una reserva interna","directly_within_studio_management_scope","implemented_but_inaccessible_to_intended_role","requires_approved_temporary_permission_or_scoped_staging_persona","implementation_and_route_evidence_documented","native_mobile | mobile_web_fallback","Reception","mutation","/estudio/calendario","critical","true","tdf-hq-ui/src/pages/BookingsPage.tsx | tdf-hq-ui/src/pages/RoomsPage.tsx | tdf-hq/src/TDF/API/Rooms.hs | tdf-hq/src/TDF/Server.hs | tdf-hq/assets/feature-registry.json"
"studio.booking-edit","Calendario, salas, recursos y reservas","Editar horario, sala, cliente y servicio","directly_within_studio_management_scope","implemented_but_inaccessible_to_intended_role","requires_approved_temporary_permission_or_scoped_staging_persona","implementation_and_route_evidence_documented","native_mobile | mobile_web_fallback","Reception","mutation","/estudio/calendario","critical","true","tdf-hq-ui/src/pages/BookingsPage.tsx | tdf-hq-ui/src/pages/RoomsPage.tsx | tdf-hq/src/TDF/API/Rooms.hs | tdf-hq/src/TDF/Server.hs | tdf-hq/assets/feature-registry.json"
"studio.booking-cancel","Calendario, salas, recursos y reservas","Cancelar una reserva sin borrar el historial","directly_within_studio_management_scope","implemented_but_inaccessible_to_intended_role","requires_approved_temporary_permission_or_scoped_staging_persona","implementation_and_route_evidence_documented","native_mobile | mobile_web_fallback","Reception","workflow","/estudio/calendario","critical","true","tdf-hq-ui/src/pages/BookingsPage.tsx | tdf-hq-ui/src/pages/RoomsPage.tsx | tdf-hq/src/TDF/API/Rooms.hs | tdf-hq/src/TDF/Server.hs | tdf-hq/assets/feature-registry.json"
"studio.booking-conflict-room","Calendario, salas, recursos y reservas","Conflicto simultáneo de sala","directly_within_studio_management_scope","implemented_but_inaccessible_to_intended_role","requires_approved_temporary_permission_or_scoped_staging_persona","implementation_and_route_evidence_documented","native_mobile | mobile_web_fallback","Reception","conflict","/estudio/calendario","critical","true","tdf-hq-ui/src/pages/BookingsPage.tsx | tdf-hq-ui/src/pages/RoomsPage.tsx | tdf-hq/src/TDF/API/Rooms.hs | tdf-hq/src/TDF/Server.hs | tdf-hq/assets/feature-registry.json"
"studio.booking-conflict-resource","Calendario, salas, recursos y reservas","Conflicto simultáneo de recurso","directly_within_studio_management_scope","partially_implemented","requires_approved_temporary_permission_or_scoped_staging_persona","implementation_and_route_evidence_documented","native_mobile | mobile_web_fallback","Reception","conflict","/estudio/calendario","critical","true","tdf-hq-ui/src/pages/BookingsPage.tsx | tdf-hq-ui/src/pages/RoomsPage.tsx | tdf-hq/src/TDF/API/Rooms.hs | tdf-hq/src/TDF/Server.hs | tdf-hq/assets/feature-registry.json"
"studio.booking-concurrency","Calendario, salas, recursos y reservas","Dos usuarios reservando al mismo tiempo","directly_within_studio_management_scope","implemented_but_not_documented","requires_approved_temporary_permission_or_scoped_staging_persona","implemented_but_not_documented","native_mobile | mobile_web_fallback","Reception","conflict","/estudio/calendario","critical","true","tdf-hq-ui/src/pages/BookingsPage.tsx | tdf-hq-ui/src/pages/RoomsPage.tsx | tdf-hq/src/TDF/API/Rooms.hs | tdf-hq/src/TDF/Server.hs | tdf-hq/assets/feature-registry.json"
"studio.public-booking","Calendario, salas, recursos y reservas","Reserva pública de estudio","directly_within_studio_management_scope","implemented_and_accessible","available_with_intern_or_public_test_identity","implementation_and_route_evidence_documented","native_mobile | mobile_web_fallback","Visitante","public","/reservar","critical","true","tdf-hq-ui/src/pages/BookingsPage.tsx | tdf-hq-ui/src/pages/RoomsPage.tsx | tdf-hq/src/TDF/API/Rooms.hs | tdf-hq/src/TDF/Server.hs | tdf-hq/assets/feature-registry.json"
"studio.public-tracking","Calendario, salas, recursos y reservas","Seguimiento público seguro de la reserva","directly_within_studio_management_scope","implemented_and_accessible","available_with_intern_or_public_test_identity","implementation_and_route_evidence_documented","mobile_web_fallback","Visitante","public","/reservas/orden/:bookingId","high","true","tdf-hq-ui/src/pages/BookingsPage.tsx | tdf-hq-ui/src/pages/RoomsPage.tsx | tdf-hq/src/TDF/API/Rooms.hs | tdf-hq/src/TDF/Server.hs | tdf-hq/assets/feature-registry.json"
"studio.public-invalid-token","Calendario, salas, recursos y reservas","Token inválido o de otra reserva","directly_within_studio_management_scope","implemented_and_accessible","available_with_intern_or_public_test_identity","implementation_and_route_evidence_documented","mobile_web_fallback","Visitante","security","/reservas/orden/:bookingId","critical","true","tdf-hq-ui/src/pages/BookingsPage.tsx | tdf-hq-ui/src/pages/RoomsPage.tsx | tdf-hq/src/TDF/API/Rooms.hs | tdf-hq/src/TDF/Server.hs | tdf-hq/assets/feature-registry.json"
"studio.dj-booth","Calendario, salas, recursos y reservas","Reserva de DJ booth","directly_within_studio_management_scope","implemented_and_accessible","available_with_intern_or_public_test_identity","implementation_and_route_evidence_documented","native_mobile | mobile_web_fallback","Visitante","public","/dj-booth","medium","true","tdf-hq-ui/src/pages/BookingsPage.tsx | tdf-hq-ui/src/pages/RoomsPage.tsx | tdf-hq/src/TDF/API/Rooms.hs | tdf-hq/src/TDF/Server.hs | tdf-hq/assets/feature-registry.json"
"studio.orders","Órdenes y sesiones de grabación","Crear y editar orden de estudio","directly_within_studio_management_scope","implemented_but_inaccessible_to_intended_role","requires_approved_temporary_permission_or_scoped_staging_persona","implementation_and_route_evidence_documented","web_only | not_available_on_mobile","Reception","mutation","/estudio/ordenes","critical","true","tdf-hq-ui/src/pages/OrdersPage.tsx | tdf-hq/src/TDF/API/Sessions.hs | tdf-hq/src/TDF/API.hs | tdf-hq/assets/feature-registry.json"
"studio.order-status","Órdenes y sesiones de grabación","Aprobar y cambiar estado de orden","directly_within_studio_management_scope","implemented_but_inaccessible_to_intended_role","requires_approved_temporary_permission_or_scoped_staging_persona","implementation_and_route_evidence_documented","web_only | not_available_on_mobile","StudioManager","workflow","/estudio/ordenes","high","true","tdf-hq-ui/src/pages/OrdersPage.tsx | tdf-hq/src/TDF/API/Sessions.hs | tdf-hq/src/TDF/API.hs | tdf-hq/assets/feature-registry.json"
"studio.recording-session","Órdenes y sesiones de grabación","Crear sesión de grabación desde reserva u orden","directly_within_studio_management_scope","implemented_but_inaccessible_to_intended_role","requires_approved_temporary_permission_or_scoped_staging_persona","implementation_and_route_evidence_documented","mobile_web_fallback","Engineer","workflow","/estudio/ordenes","critical","true","tdf-hq-ui/src/pages/OrdersPage.tsx | tdf-hq/src/TDF/API/Sessions.hs | tdf-hq/src/TDF/API.hs | tdf-hq/assets/feature-registry.json"
"studio.session-status","Órdenes y sesiones de grabación","Preparación, ejecución y cierre de sesión","directly_within_studio_management_scope","implemented_but_inaccessible_to_intended_role","requires_approved_temporary_permission_or_scoped_staging_persona","implementation_and_route_evidence_documented","mobile_web_fallback","Engineer","workflow","/estudio/ordenes","critical","true","tdf-hq-ui/src/pages/OrdersPage.tsx | tdf-hq/src/TDF/API/Sessions.hs | tdf-hq/src/TDF/API.hs | tdf-hq/assets/feature-registry.json"
"studio.session-input-list","Órdenes y sesiones de grabación","Lista de entradas, canales y microfonía","directly_within_studio_management_scope","implemented_but_inaccessible_to_intended_role","requires_approved_temporary_permission_or_scoped_staging_persona","implementation_and_route_evidence_documented","native_mobile | mobile_web_fallback","Engineer","mutation","/input-list/:id","high","true","tdf-hq-ui/src/pages/OrdersPage.tsx | tdf-hq/src/TDF/API/Sessions.hs | tdf-hq/src/TDF/API.hs | tdf-hq/assets/feature-registry.json"
"studio.session-artists","Órdenes y sesiones de grabación","Artistas asociados a la sesión","directly_within_studio_management_scope","implemented_but_inaccessible_to_intended_role","requires_approved_temporary_permission_or_scoped_staging_persona","implementation_and_route_evidence_documented","mobile_web_fallback","Engineer","mutation","/estudio/ordenes","high","true","tdf-hq-ui/src/pages/OrdersPage.tsx | tdf-hq/src/TDF/API/Sessions.hs | tdf-hq/src/TDF/API.hs | tdf-hq/assets/feature-registry.json"
"studio.session-musicians","Órdenes y sesiones de grabación","Músicos, instrumentos y roles","directly_within_studio_management_scope","implemented_but_inaccessible_to_intended_role","requires_approved_temporary_permission_or_scoped_staging_persona","implementation_and_route_evidence_documented","mobile_web_fallback","Engineer","mutation","/estudio/ordenes","high","true","tdf-hq-ui/src/pages/OrdersPage.tsx | tdf-hq/src/TDF/API/Sessions.hs | tdf-hq/src/TDF/API.hs | tdf-hq/assets/feature-registry.json"
"studio.session-engineers","Órdenes y sesiones de grabación","Ingeniero y asistente de sesión","directly_within_studio_management_scope","implemented_but_inaccessible_to_intended_role","requires_approved_temporary_permission_or_scoped_staging_persona","implementation_and_route_evidence_documented","mobile_web_fallback","StudioManager","mutation","/estudio/ordenes","high","true","tdf-hq-ui/src/pages/OrdersPage.tsx | tdf-hq/src/TDF/API/Sessions.hs | tdf-hq/src/TDF/API.hs | tdf-hq/assets/feature-registry.json"
"studio.session-files","Órdenes y sesiones de grabación","Carpeta, grabaciones y entregables de sesión","directly_within_studio_management_scope","partially_implemented","requires_approved_temporary_permission_or_scoped_staging_persona","implementation_and_route_evidence_documented","mobile_web_fallback","Engineer","workflow","/estudio/ordenes","high","true","tdf-hq-ui/src/pages/OrdersPage.tsx | tdf-hq/src/TDF/API/Sessions.hs | tdf-hq/src/TDF/API.hs | tdf-hq/assets/feature-registry.json"
"studio.session-reopen","Órdenes y sesiones de grabación","Reabrir una sesión cerrada con autorización","directly_within_studio_management_scope","partially_implemented","requires_approved_temporary_permission_or_scoped_staging_persona","implementation_and_route_evidence_documented","web_only | not_available_on_mobile","StudioManager","security","/estudio/ordenes","high","true","tdf-hq-ui/src/pages/OrdersPage.tsx | tdf-hq/src/TDF/API/Sessions.hs | tdf-hq/src/TDF/API.hs | tdf-hq/assets/feature-registry.json"
"commerce.packages","Cotizaciones, facturación y pagos","Paquetes y horas prepagadas","directly_within_studio_management_scope","implemented_but_inaccessible_to_intended_role","requires_approved_temporary_permission_or_scoped_staging_persona","implementation_and_route_evidence_documented","mobile_web_fallback","StudioManager","mutation","/estudio/servicios","high","true","tdf-hq-ui/src/pages/PaymentsPage.tsx | tdf-hq/src/TDF/API/Payments.hs | tdf-hq/src/TDF/Commerce/ServiceBookings.hs | tdf-hq/assets/feature-registry.json"
"commerce.package-balance","Cotizaciones, facturación y pagos","Consumo y saldo de horas","directly_within_studio_management_scope","partially_implemented","requires_approved_temporary_permission_or_scoped_staging_persona","implementation_and_route_evidence_documented","mobile_web_fallback","Reception","workflow","/estudio/ordenes","critical","true","tdf-hq-ui/src/pages/PaymentsPage.tsx | tdf-hq/src/TDF/API/Payments.hs | tdf-hq/src/TDF/Commerce/ServiceBookings.hs | tdf-hq/assets/feature-registry.json"
"commerce.quotations","Cotizaciones, facturación y pagos","Cotización de servicios de estudio","directly_within_studio_management_scope","implemented_but_inaccessible_to_intended_role","requires_approved_temporary_permission_or_scoped_staging_persona","implementation_and_route_evidence_documented","web_only | not_available_on_mobile","StudioManager","workflow","/propuestas","high","true","tdf-hq-ui/src/pages/PaymentsPage.tsx | tdf-hq/src/TDF/API/Payments.hs | tdf-hq/src/TDF/Commerce/ServiceBookings.hs | tdf-hq/assets/feature-registry.json"
"commerce.quote-acceptance","Cotizaciones, facturación y pagos","Aceptación o rechazo de cotización","directly_within_studio_management_scope","implemented_but_inaccessible_to_intended_role","requires_approved_temporary_permission_or_scoped_staging_persona","implementation_and_route_evidence_documented","mobile_web_fallback","Customer de pruebas","workflow","/propuestas","high","true","tdf-hq-ui/src/pages/PaymentsPage.tsx | tdf-hq/src/TDF/API/Payments.hs | tdf-hq/src/TDF/Commerce/ServiceBookings.hs | tdf-hq/assets/feature-registry.json"
"commerce.invoices","Cotizaciones, facturación y pagos","Generar y consultar factura","required_dependency_of_studio_workflow","implemented_but_inaccessible_to_intended_role","requires_approved_temporary_permission_or_scoped_staging_persona","implementation_and_route_evidence_documented","web_only | not_available_on_mobile","Finance","workflow","/finanzas/pagos","critical","true","tdf-hq-ui/src/pages/PaymentsPage.tsx | tdf-hq/src/TDF/API/Payments.hs | tdf-hq/src/TDF/Commerce/ServiceBookings.hs | tdf-hq/assets/feature-registry.json"
"commerce.manual-payment","Cotizaciones, facturación y pagos","Registrar pago manual","directly_within_studio_management_scope","implemented_but_inaccessible_to_intended_role","requires_approved_temporary_permission_or_scoped_staging_persona","implementation_and_route_evidence_documented","web_only | not_available_on_mobile","Finance","mutation","/finanzas/pagos","critical","true","tdf-hq-ui/src/pages/PaymentsPage.tsx | tdf-hq/src/TDF/API/Payments.hs | tdf-hq/src/TDF/Commerce/ServiceBookings.hs | tdf-hq/assets/feature-registry.json"
"commerce.datafast","Cotizaciones, facturación y pagos","Checkout Datafast sandbox","directly_within_studio_management_scope","implemented_but_inaccessible_to_intended_role","requires_approved_temporary_permission_or_scoped_staging_persona","implementation_and_route_evidence_documented","mobile_web_fallback","Customer de pruebas","integration","/reservar","critical","true","tdf-hq-ui/src/pages/PaymentsPage.tsx | tdf-hq/src/TDF/API/Payments.hs | tdf-hq/src/TDF/Commerce/ServiceBookings.hs | tdf-hq/assets/feature-registry.json"
"commerce.paypal","Cotizaciones, facturación y pagos","Checkout PayPal sandbox","directly_within_studio_management_scope","implemented_but_inaccessible_to_intended_role","requires_approved_temporary_permission_or_scoped_staging_persona","implementation_and_route_evidence_documented","mobile_web_fallback","Customer de pruebas","integration","/reservar","critical","true","tdf-hq-ui/src/pages/PaymentsPage.tsx | tdf-hq/src/TDF/API/Payments.hs | tdf-hq/src/TDF/Commerce/ServiceBookings.hs | tdf-hq/assets/feature-registry.json"
"commerce.payment-confirmation","Cotizaciones, facturación y pagos","Confirmación verificable del pago","directly_within_studio_management_scope","implemented_but_inaccessible_to_intended_role","requires_approved_temporary_permission_or_scoped_staging_persona","implementation_and_route_evidence_documented","mobile_web_fallback","Finance","integration","/finanzas/pagos","critical","true","tdf-hq-ui/src/pages/PaymentsPage.tsx | tdf-hq/src/TDF/API/Payments.hs | tdf-hq/src/TDF/Commerce/ServiceBookings.hs | tdf-hq/assets/feature-registry.json"
"commerce.payment-failure","Cotizaciones, facturación y pagos","Pago rechazado o proveedor no disponible","directly_within_studio_management_scope","implemented_but_inaccessible_to_intended_role","requires_approved_temporary_permission_or_scoped_staging_persona","implementation_and_route_evidence_documented","mobile_web_fallback","Customer de pruebas","integration","/reservar","critical","true","tdf-hq-ui/src/pages/PaymentsPage.tsx | tdf-hq/src/TDF/API/Payments.hs | tdf-hq/src/TDF/Commerce/ServiceBookings.hs | tdf-hq/assets/feature-registry.json"
"commerce.abandoned-checkout","Cotizaciones, facturación y pagos","Checkout abandonado sin cobro ni reserva falsa","directly_within_studio_management_scope","implemented_but_inaccessible_to_intended_role","requires_approved_temporary_permission_or_scoped_staging_persona","implementation_and_route_evidence_documented","mobile_web_fallback","Customer de pruebas","integration","/reservar","critical","true","tdf-hq-ui/src/pages/PaymentsPage.tsx | tdf-hq/src/TDF/API/Payments.hs | tdf-hq/src/TDF/Commerce/ServiceBookings.hs | tdf-hq/assets/feature-registry.json"
"commerce.payment-idempotency","Cotizaciones, facturación y pagos","Doble clic, reintento e idempotencia","required_dependency_of_studio_workflow","implemented_but_not_documented","requires_approved_temporary_permission_or_scoped_staging_persona","implemented_but_not_documented","mobile_web_fallback","Customer de pruebas","integration","/reservar","critical","true","tdf-hq-ui/src/pages/PaymentsPage.tsx | tdf-hq/src/TDF/API/Payments.hs | tdf-hq/src/TDF/Commerce/ServiceBookings.hs | tdf-hq/assets/feature-registry.json"
"commerce.refunds","Cotizaciones, facturación y pagos","Reembolso total o parcial en sandbox","directly_within_studio_management_scope","partially_implemented","requires_approved_temporary_permission_or_scoped_staging_persona","implementation_and_route_evidence_documented","web_only | not_available_on_mobile","Finance","integration","/finanzas/pagos","critical","true","tdf-hq-ui/src/pages/PaymentsPage.tsx | tdf-hq/src/TDF/API/Payments.hs | tdf-hq/src/TDF/Commerce/ServiceBookings.hs | tdf-hq/assets/feature-registry.json"
"commerce.reconciliation","Cotizaciones, facturación y pagos","Conciliación con eventos del proveedor","required_dependency_of_studio_workflow","implemented_but_not_documented","requires_approved_temporary_permission_or_scoped_staging_persona","implemented_but_not_documented","web_only | not_available_on_mobile","Admin de pruebas","integration","/admin/commerce/provider-events","critical","true","tdf-hq-ui/src/pages/PaymentsPage.tsx | tdf-hq/src/TDF/API/Payments.hs | tdf-hq/src/TDF/Commerce/ServiceBookings.hs | tdf-hq/assets/feature-registry.json"
"commerce.failed-events","Cotizaciones, facturación y pagos","Eventos fallidos, reintento y dead letters","required_dependency_of_studio_workflow","implemented_but_inaccessible_to_intended_role","requires_approved_temporary_permission_or_scoped_staging_persona","implementation_and_route_evidence_documented","web_only | not_available_on_mobile","Admin de pruebas","integration","/admin/commerce/provider-events","critical","true","tdf-hq-ui/src/pages/PaymentsPage.tsx | tdf-hq/src/TDF/API/Payments.hs | tdf-hq/src/TDF/Commerce/ServiceBookings.hs | tdf-hq/assets/feature-registry.json"
"inventory.assets","Inventario, equipos y mantenimiento","Crear, editar y consultar equipos","directly_within_studio_management_scope","implemented_but_inaccessible_to_intended_role","requires_approved_temporary_permission_or_scoped_staging_persona","implementation_and_route_evidence_documented","native_mobile | mobile_web_fallback","StudioManager","mutation","/operacion/inventario","high","true","tdf-hq-ui/src/pages/InventoryPage.tsx | tdf-hq-ui/src/pages/ReservasEquipoPage.tsx | tdf-hq/src/TDF/API/Inventory.hs | tdf-hq/assets/feature-registry.json"
"inventory.availability","Inventario, equipos y mantenimiento","Disponibilidad de equipo para una reserva","directly_within_studio_management_scope","implemented_but_inaccessible_to_intended_role","requires_approved_temporary_permission_or_scoped_staging_persona","implementation_and_route_evidence_documented","native_mobile | mobile_web_fallback","Reception","workflow","/operacion/inventario","critical","true","tdf-hq-ui/src/pages/InventoryPage.tsx | tdf-hq-ui/src/pages/ReservasEquipoPage.tsx | tdf-hq/src/TDF/API/Inventory.hs | tdf-hq/assets/feature-registry.json"
"inventory.reservations","Inventario, equipos y mantenimiento","Reservar equipo para sesión","directly_within_studio_management_scope","implemented_but_inaccessible_to_intended_role","requires_approved_temporary_permission_or_scoped_staging_persona","implementation_and_route_evidence_documented","native_mobile | mobile_web_fallback","Reception","mutation","/operacion/reservas-equipo","critical","true","tdf-hq-ui/src/pages/InventoryPage.tsx | tdf-hq-ui/src/pages/ReservasEquipoPage.tsx | tdf-hq/src/TDF/API/Inventory.hs | tdf-hq/assets/feature-registry.json"
"inventory.checkout-return","Inventario, equipos y mantenimiento","Entrega y devolución con condición","directly_within_studio_management_scope","implemented_but_inaccessible_to_intended_role","requires_approved_temporary_permission_or_scoped_staging_persona","implementation_and_route_evidence_documented","native_mobile | mobile_web_fallback","Reception","workflow","/operacion/reservas-equipo","high","true","tdf-hq-ui/src/pages/InventoryPage.tsx | tdf-hq-ui/src/pages/ReservasEquipoPage.tsx | tdf-hq/src/TDF/API/Inventory.hs | tdf-hq/assets/feature-registry.json"
"inventory.rentals","Inventario, equipos y mantenimiento","Alquiler de equipo y relación con orden","shared_with_another_tdf_business_area","implemented_but_inaccessible_to_intended_role","requires_approved_temporary_permission_or_scoped_staging_persona","implementation_and_route_evidence_documented","native_mobile | mobile_web_fallback","StudioManager","workflow","/marketplace/orders","high","true","tdf-hq-ui/src/pages/InventoryPage.tsx | tdf-hq-ui/src/pages/ReservasEquipoPage.tsx | tdf-hq/src/TDF/API/Inventory.hs | tdf-hq/assets/feature-registry.json"
"inventory.scan","Inventario, equipos y mantenimiento","Escaneo con token firmado","directly_within_studio_management_scope","implemented_and_accessible","available_with_intern_or_public_test_identity","implementation_and_route_evidence_documented","mobile_web_fallback","Reception","security","/inventario/scan/:token","high","true","tdf-hq-ui/src/pages/InventoryPage.tsx | tdf-hq-ui/src/pages/ReservasEquipoPage.tsx | tdf-hq/src/TDF/API/Inventory.hs | tdf-hq/assets/feature-registry.json"
"inventory.maintenance","Inventario, equipos y mantenimiento","Abrir, actualizar y cerrar mantenimiento","directly_within_studio_management_scope","implemented_but_inaccessible_to_intended_role","requires_approved_temporary_permission_or_scoped_staging_persona","implementation_and_route_evidence_documented","native_mobile | mobile_web_fallback","Maintenance","workflow","/operacion/inventario","high","true","tdf-hq-ui/src/pages/InventoryPage.tsx | tdf-hq-ui/src/pages/ReservasEquipoPage.tsx | tdf-hq/src/TDF/API/Inventory.hs | tdf-hq/assets/feature-registry.json"
"inventory.unavailable","Inventario, equipos y mantenimiento","Equipo en mantenimiento no reservable","directly_within_studio_management_scope","implemented_but_inaccessible_to_intended_role","requires_approved_temporary_permission_or_scoped_staging_persona","implementation_and_route_evidence_documented","native_mobile | mobile_web_fallback","Reception","conflict","/operacion/reservas-equipo","critical","true","tdf-hq-ui/src/pages/InventoryPage.tsx | tdf-hq-ui/src/pages/ReservasEquipoPage.tsx | tdf-hq/src/TDF/API/Inventory.hs | tdf-hq/assets/feature-registry.json"
"inventory.audit","Inventario, equipos y mantenimiento","Movimientos y auditoría de activos","required_dependency_of_studio_workflow","implemented_but_not_documented","requires_approved_temporary_permission_or_scoped_staging_persona","implemented_but_not_documented","native_mobile | mobile_web_fallback","StudioManager","read","/operacion/inventario","high","true","tdf-hq-ui/src/pages/InventoryPage.tsx | tdf-hq-ui/src/pages/ReservasEquipoPage.tsx | tdf-hq/src/TDF/API/Inventory.hs | tdf-hq/assets/feature-registry.json"
"operations.dashboard","Operación, recepción y reportes","Panel de operación del estudio","directly_within_studio_management_scope","implemented_but_inaccessible_to_intended_role","requires_approved_temporary_permission_or_scoped_staging_persona","implementation_and_route_evidence_documented","web_only | not_available_on_mobile","StudioManager","read","/dashboard/operations","high","true","tdf-hq-ui/src/pages/ReportsPage.tsx | tdf-hq-ui/src/pages/OperationsControlCenterPage.tsx | tdf-hq-ui/src/pages/PaymentsPage.tsx | tdf-hq/assets/feature-registry.json"
"operations.reception","Operación, recepción y reportes","Flujo de recepción: llegada, sala, saldo y entrega","directly_within_studio_management_scope","partially_implemented","requires_approved_temporary_permission_or_scoped_staging_persona","implementation_and_route_evidence_documented","web_only | not_available_on_mobile","Reception","workflow","/dashboard/operations","critical","true","tdf-hq-ui/src/pages/ReportsPage.tsx | tdf-hq-ui/src/pages/OperationsControlCenterPage.tsx | tdf-hq-ui/src/pages/PaymentsPage.tsx | tdf-hq/assets/feature-registry.json"
"operations.engineer","Operación, recepción y reportes","Flujo del ingeniero antes, durante y después","directly_within_studio_management_scope","partially_implemented","requires_approved_temporary_permission_or_scoped_staging_persona","implementation_and_route_evidence_documented","mobile_web_fallback","Engineer","workflow","/estudio/ordenes","critical","true","tdf-hq-ui/src/pages/ReportsPage.tsx | tdf-hq-ui/src/pages/OperationsControlCenterPage.tsx | tdf-hq-ui/src/pages/PaymentsPage.tsx | tdf-hq/assets/feature-registry.json"
"reports.operational","Operación, recepción y reportes","Reportes operativos del estudio","directly_within_studio_management_scope","implemented_but_inaccessible_to_intended_role","requires_approved_temporary_permission_or_scoped_staging_persona","implementation_and_route_evidence_documented","web_only | not_available_on_mobile","StudioManager","read","/estudio/reportes","high","true","tdf-hq-ui/src/pages/ReportsPage.tsx | tdf-hq-ui/src/pages/OperationsControlCenterPage.tsx | tdf-hq-ui/src/pages/PaymentsPage.tsx | tdf-hq/assets/feature-registry.json"
"reports.financial","Operación, recepción y reportes","Reportes financieros relacionados con estudio","required_dependency_of_studio_workflow","implemented_but_inaccessible_to_intended_role","requires_approved_temporary_permission_or_scoped_staging_persona","implementation_and_route_evidence_documented","web_only | not_available_on_mobile","Finance","read","/finanzas/creador-reporte-cuenta","high","true","tdf-hq-ui/src/pages/ReportsPage.tsx | tdf-hq-ui/src/pages/OperationsControlCenterPage.tsx | tdf-hq-ui/src/pages/PaymentsPage.tsx | tdf-hq/assets/feature-registry.json"
"reports.export","Operación, recepción y reportes","Exportación y consistencia de totales","required_dependency_of_studio_workflow","implemented_but_inaccessible_to_intended_role","requires_approved_temporary_permission_or_scoped_staging_persona","implementation_and_route_evidence_documented","web_only | not_available_on_mobile","StudioManager","read","/estudio/reportes","high","true","tdf-hq-ui/src/pages/ReportsPage.tsx | tdf-hq-ui/src/pages/OperationsControlCenterPage.tsx | tdf-hq-ui/src/pages/PaymentsPage.tsx | tdf-hq/assets/feature-registry.json"
"live.public-registration","TDF Live Sessions","Registro público para TDF Live Sessions","directly_within_studio_management_scope","implemented_and_accessible","available_with_intern_or_public_test_identity","implementation_and_route_evidence_documented","mobile_web_fallback","Artist de pruebas","public","/live-sessions/registro","high","true","tdf-hq-ui/src/pages/LiveSessionIntakePage.tsx | tdf-hq-ui/src/pages/LiveSessionPublicPage.tsx | tdf-hq/src/TDF/ServerLiveSessions.hs | tdf-hq/assets/feature-registry.json"
"live.intake-admin","TDF Live Sessions","Revisión del intake de Live Sessions","directly_within_studio_management_scope","implemented_but_inaccessible_to_intended_role","requires_approved_temporary_permission_or_scoped_staging_persona","implementation_and_route_evidence_documented","web_only | not_available_on_mobile","StudioManager","workflow","/estudio/live-sessions","high","true","tdf-hq-ui/src/pages/LiveSessionIntakePage.tsx | tdf-hq-ui/src/pages/LiveSessionPublicPage.tsx | tdf-hq/src/TDF/ServerLiveSessions.hs | tdf-hq/assets/feature-registry.json"
"live.musicians-songs","TDF Live Sessions","Músicos, instrumentos y canciones del intake","directly_within_studio_management_scope","implemented_but_inaccessible_to_intended_role","requires_approved_temporary_permission_or_scoped_staging_persona","implementation_and_route_evidence_documented","web_only | not_available_on_mobile","StudioManager","mutation","/estudio/live-sessions","high","true","tdf-hq-ui/src/pages/LiveSessionIntakePage.tsx | tdf-hq-ui/src/pages/LiveSessionPublicPage.tsx | tdf-hq/src/TDF/ServerLiveSessions.hs | tdf-hq/assets/feature-registry.json"
"live.files-consent","TDF Live Sessions","Archivos, consentimiento y límites de carga","directly_within_studio_management_scope","implemented_and_accessible","available_with_intern_or_public_test_identity","implementation_and_route_evidence_documented","mobile_web_fallback","Artist de pruebas","security","/live-sessions/registro","critical","true","tdf-hq-ui/src/pages/LiveSessionIntakePage.tsx | tdf-hq-ui/src/pages/LiveSessionPublicPage.tsx | tdf-hq/src/TDF/ServerLiveSessions.hs | tdf-hq/assets/feature-registry.json"
"live.domo-campaign","TDF Live Sessions","Campaña de TDF Sessions en Domo","shared_with_another_tdf_business_area","implemented_but_inaccessible_to_intended_role","requires_approved_temporary_permission_or_scoped_staging_persona","implementation_and_route_evidence_documented","web_only | not_available_on_mobile","StudioManager","workflow","/estudio/campanas/tdf-sessions-domo","medium","true","tdf-hq-ui/src/pages/LiveSessionIntakePage.tsx | tdf-hq-ui/src/pages/LiveSessionPublicPage.tsx | tdf-hq/src/TDF/ServerLiveSessions.hs | tdf-hq/assets/feature-registry.json"
"notifications.booking-email","Notificaciones e integraciones","Confirmación de reserva por email de pruebas","required_dependency_of_studio_workflow","implemented_but_inaccessible_to_intended_role","requires_approved_temporary_permission_or_scoped_staging_persona","implementation_and_route_evidence_documented","not_available_on_mobile","Sistema","integration","/reservar","critical","true","tdf-hq/src/TDF/Email/Service.hs | tdf-hq/src/TDF/WhatsApp/Service.hs | tdf-hq-ui/src/pages/CalendarSyncPage.tsx | tdf-hq/assets/feature-registry.json"
"notifications.whatsapp","Notificaciones e integraciones","WhatsApp con transporte simulado","required_dependency_of_studio_workflow","partially_implemented","requires_approved_temporary_permission_or_scoped_staging_persona","implementation_and_route_evidence_documented","not_available_on_mobile","Sistema","integration","/whatsapp/ok","high","true","tdf-hq/src/TDF/Email/Service.hs | tdf-hq/src/TDF/WhatsApp/Service.hs | tdf-hq-ui/src/pages/CalendarSyncPage.tsx | tdf-hq/assets/feature-registry.json"
"notifications.calendar","Notificaciones e integraciones","Sincronización de calendario en sandbox","required_dependency_of_studio_workflow","implemented_but_inaccessible_to_intended_role","requires_approved_temporary_permission_or_scoped_staging_persona","implementation_and_route_evidence_documented","web_only | not_available_on_mobile","Admin de pruebas","integration","/configuracion/integraciones/calendario","high","true","tdf-hq/src/TDF/Email/Service.hs | tdf-hq/src/TDF/WhatsApp/Service.hs | tdf-hq-ui/src/pages/CalendarSyncPage.tsx | tdf-hq/assets/feature-registry.json"
"notifications.failure","Notificaciones e integraciones","Fallo de notificación sin perder la operación","required_dependency_of_studio_workflow","implemented_but_not_documented","requires_approved_temporary_permission_or_scoped_staging_persona","implemented_but_not_documented","not_available_on_mobile","Sistema","integration","/reservar","critical","true","tdf-hq/src/TDF/Email/Service.hs | tdf-hq/src/TDF/WhatsApp/Service.hs | tdf-hq-ui/src/pages/CalendarSyncPage.tsx | tdf-hq/assets/feature-registry.json"
"notifications.no-real-recipient","Notificaciones e integraciones","Bloqueo de destinatarios y secretos reales","required_dependency_of_studio_workflow","implemented_but_not_documented","requires_approved_temporary_permission_or_scoped_staging_persona","implemented_but_not_documented","not_available_on_mobile","Admin de pruebas","security","/configuracion/preferencias","critical","true","tdf-hq/src/TDF/Email/Service.hs | tdf-hq/src/TDF/WhatsApp/Service.hs | tdf-hq-ui/src/pages/CalendarSyncPage.tsx | tdf-hq/assets/feature-registry.json"
"domo.shared-resources","Dependencias compartidas con Domo","Recursos y fechas compartidos con el estudio","shared_with_another_tdf_business_area","partially_implemented","requires_approved_temporary_permission_or_scoped_staging_persona","implementation_and_route_evidence_documented","web_only | not_available_on_mobile","StudioManager","conflict","/domo-del-pululahua","high","true","tdf-hq-ui/src/pages/TdfDomoCampaignPage.tsx | tdf-hq/src/TDF/API.hs | tdf-hq/docs/openapi/api.yaml | tdf-hq/assets/feature-registry.json"
"domo.quotations","Dependencias compartidas con Domo","Cotización Domo vinculada a reserva","shared_with_another_tdf_business_area","implemented_and_accessible","available_with_intern_or_public_test_identity","implementation_and_route_evidence_documented","web_only | not_available_on_mobile","Customer de pruebas","public","/domo-del-pululahua","high","true","tdf-hq-ui/src/pages/TdfDomoCampaignPage.tsx | tdf-hq/src/TDF/API.hs | tdf-hq/docs/openapi/api.yaml | tdf-hq/assets/feature-registry.json"
"domo.deposit","Dependencias compartidas con Domo","Depósito PayPal sandbox de Domo","shared_with_another_tdf_business_area","implemented_and_accessible","available_with_intern_or_public_test_identity","implementation_and_route_evidence_documented","web_only | not_available_on_mobile","Customer de pruebas","integration","/domo-del-pululahua","critical","true","tdf-hq-ui/src/pages/TdfDomoCampaignPage.tsx | tdf-hq/src/TDF/API.hs | tdf-hq/docs/openapi/api.yaml | tdf-hq/assets/feature-registry.json"
"domo.hold-expiry","Dependencias compartidas con Domo","Vencimiento de hold sin bloquear estudio","shared_with_another_tdf_business_area","implemented_but_not_documented","requires_approved_temporary_permission_or_scoped_staging_persona","implemented_but_not_documented","web_only | not_available_on_mobile","Customer de pruebas","conflict","/domo-del-pululahua","critical","true","tdf-hq-ui/src/pages/TdfDomoCampaignPage.tsx | tdf-hq/src/TDF/API.hs | tdf-hq/docs/openapi/api.yaml | tdf-hq/assets/feature-registry.json"
"domo.operations","Dependencias compartidas con Domo","Visibilidad operativa de la reserva Domo","shared_with_another_tdf_business_area","partially_implemented","requires_approved_temporary_permission_or_scoped_staging_persona","implementation_and_route_evidence_documented","web_only | not_available_on_mobile","StudioManager","workflow","/estudio/calendario","high","true","tdf-hq-ui/src/pages/TdfDomoCampaignPage.tsx | tdf-hq/src/TDF/API.hs | tdf-hq/docs/openapi/api.yaml | tdf-hq/assets/feature-registry.json"
"school.shared-rooms","Dependencias compartidas con Escuela","Salas compartidas con clases","shared_with_another_tdf_business_area","partially_implemented","requires_approved_temporary_permission_or_scoped_staging_persona","implementation_and_route_evidence_documented","web_only | not_available_on_mobile","Reception","conflict","/escuela/clases","high","true","tdf-hq-ui/src/pages/ClassesPage.tsx | tdf-hq-ui/src/pages/TrialLessonsPage.tsx | tdf-hq/src/TDF/Trials/API.hs | tdf-hq/assets/feature-registry.json"
"school.calendar","Dependencias compartidas con Escuela","Clases visibles en calendario compartido","shared_with_another_tdf_business_area","partially_implemented","requires_approved_temporary_permission_or_scoped_staging_persona","implementation_and_route_evidence_documented","web_only | not_available_on_mobile","Reception","workflow","/escuela/clases","high","true","tdf-hq-ui/src/pages/ClassesPage.tsx | tdf-hq-ui/src/pages/TrialLessonsPage.tsx | tdf-hq/src/TDF/Trials/API.hs | tdf-hq/assets/feature-registry.json"
"school.instructors","Dependencias compartidas con Escuela","Instructor y disponibilidad","shared_with_another_tdf_business_area","implemented_but_inaccessible_to_intended_role","requires_approved_temporary_permission_or_scoped_staging_persona","implementation_and_route_evidence_documented","web_only | not_available_on_mobile","Reception","workflow","/escuela/profesores","medium","true","tdf-hq-ui/src/pages/ClassesPage.tsx | tdf-hq-ui/src/pages/TrialLessonsPage.tsx | tdf-hq/src/TDF/Trials/API.hs | tdf-hq/assets/feature-registry.json"
"school.trial-reservation","Dependencias compartidas con Escuela","Reserva de clase de prueba","shared_with_another_tdf_business_area","implemented_but_inaccessible_to_intended_role","requires_approved_temporary_permission_or_scoped_staging_persona","implementation_and_route_evidence_documented","web_only | not_available_on_mobile","Reception","workflow","/escuela/trial-lessons","high","true","tdf-hq-ui/src/pages/ClassesPage.tsx | tdf-hq-ui/src/pages/TrialLessonsPage.tsx | tdf-hq/src/TDF/Trials/API.hs | tdf-hq/assets/feature-registry.json"
"school.payment","Dependencias compartidas con Escuela","Pago de clase que comparte finanzas","shared_with_another_tdf_business_area","partially_implemented","requires_approved_temporary_permission_or_scoped_staging_persona","implementation_and_route_evidence_documented","web_only | not_available_on_mobile","Finance","integration","/finanzas/pagos","high","true","tdf-hq-ui/src/pages/ClassesPage.tsx | tdf-hq-ui/src/pages/TrialLessonsPage.tsx | tdf-hq/src/TDF/Trials/API.hs | tdf-hq/assets/feature-registry.json"
"ddex.session-origin","Datos de estudio relacionados con DDEX","Origen de grabación y sesión","required_dependency_of_studio_workflow","partially_implemented","requires_approved_temporary_permission_or_scoped_staging_persona","implementation_and_route_evidence_documented","native_mobile | mobile_web_fallback","LabelRep de pruebas","read","/label/ddex","high","true","tdf-hq/src/TDF/API/DDEX.hs | tdf-hq/src/TDF/Server/DDEX.hs | tdf-hq/src/TDF/DDEX/Validation.hs | tdf-hq/assets/feature-registry.json"
"ddex.participants","Datos de estudio relacionados con DDEX","Participantes, roles e instrumentos","required_dependency_of_studio_workflow","partially_implemented","requires_approved_temporary_permission_or_scoped_staging_persona","implementation_and_route_evidence_documented","native_mobile | mobile_web_fallback","LabelRep de pruebas","read","/label/ddex/documents/:id","high","true","tdf-hq/src/TDF/API/DDEX.hs | tdf-hq/src/TDF/Server/DDEX.hs | tdf-hq/src/TDF/DDEX/Validation.hs | tdf-hq/assets/feature-registry.json"
"ddex.equipment","Datos de estudio relacionados con DDEX","Equipo y detalles técnicos pertinentes","required_dependency_of_studio_workflow","partially_implemented","requires_approved_temporary_permission_or_scoped_staging_persona","implementation_and_route_evidence_documented","native_mobile | mobile_web_fallback","LabelRep de pruebas","read","/label/ddex/documents/:id","medium","true","tdf-hq/src/TDF/API/DDEX.hs | tdf-hq/src/TDF/Server/DDEX.hs | tdf-hq/src/TDF/DDEX/Validation.hs | tdf-hq/assets/feature-registry.json"
"ddex.recordings-assets","Datos de estudio relacionados con DDEX","Grabaciones y activos originados en estudio","required_dependency_of_studio_workflow","partially_implemented","requires_approved_temporary_permission_or_scoped_staging_persona","implementation_and_route_evidence_documented","native_mobile | mobile_web_fallback","LabelRep de pruebas","read","/label/ddex/documents/:id","high","true","tdf-hq/src/TDF/API/DDEX.hs | tdf-hq/src/TDF/Server/DDEX.hs | tdf-hq/src/TDF/DDEX/Validation.hs | tdf-hq/assets/feature-registry.json"
"ddex.rights-metadata","Datos de estudio relacionados con DDEX","Metadatos de derechos vinculados a la grabación","required_dependency_of_studio_workflow","partially_implemented","requires_approved_temporary_permission_or_scoped_staging_persona","implementation_and_route_evidence_documented","native_mobile | mobile_web_fallback","LabelRep de pruebas","read","/label/ddex/documents/:id","high","true","tdf-hq/src/TDF/API/DDEX.hs | tdf-hq/src/TDF/Server/DDEX.hs | tdf-hq/src/TDF/DDEX/Validation.hs | tdf-hq/assets/feature-registry.json"
"ddex.validation","Datos de estudio relacionados con DDEX","Validación y mensajes de error DDEX","required_dependency_of_studio_workflow","implemented_but_inaccessible_to_intended_role","requires_approved_temporary_permission_or_scoped_staging_persona","implementation_and_route_evidence_documented","native_mobile | mobile_web_fallback","LabelRep de pruebas","workflow","/label/ddex/documents/:id","high","true","tdf-hq/src/TDF/API/DDEX.hs | tdf-hq/src/TDF/Server/DDEX.hs | tdf-hq/src/TDF/DDEX/Validation.hs | tdf-hq/assets/feature-registry.json"
"ddex.import","Datos de estudio relacionados con DDEX","Importación y resolución de conflictos DDEX","required_dependency_of_studio_workflow","documented_but_not_implemented","not_executable_documented_limitation","documented_but_not_implemented","not_available_on_mobile","LabelRep de pruebas","read","/label/ddex/documents/:id/import","medium","false","tdf-hq/src/TDF/API/DDEX.hs | tdf-hq/src/TDF/Server/DDEX.hs | tdf-hq/src/TDF/DDEX/Validation.hs | tdf-hq/assets/feature-registry.json"
"roles.reception","Roles, permisos y acceso directo","Permisos mínimos de Reception","required_dependency_of_studio_workflow","implemented_but_inaccessible_to_intended_role","requires_approved_temporary_permission_or_scoped_staging_persona","implementation_and_route_evidence_documented","mobile_web_fallback","Reception","security","/estudio/calendario","critical","true","tdf-hq/assets/feature-registry.json | tdf-hq/src/TDF/Catalog/Security.hs | docs/feature-discoverability-audit/2026-08-21/role-module-feature-action-platform-matrix.csv | tdf-hq/assets/feature-registry.json"
"roles.engineer","Roles, permisos y acceso directo","Permisos mínimos de Engineer","required_dependency_of_studio_workflow","implemented_but_inaccessible_to_intended_role","requires_approved_temporary_permission_or_scoped_staging_persona","implementation_and_route_evidence_documented","mobile_web_fallback","Engineer","security","/estudio/ordenes","critical","true","tdf-hq/assets/feature-registry.json | tdf-hq/src/TDF/Catalog/Security.hs | docs/feature-discoverability-audit/2026-08-21/role-module-feature-action-platform-matrix.csv | tdf-hq/assets/feature-registry.json"
"roles.studio-manager","Roles, permisos y acceso directo","Permisos de Studio Manager","required_dependency_of_studio_workflow","implemented_but_inaccessible_to_intended_role","requires_approved_temporary_permission_or_scoped_staging_persona","implementation_and_route_evidence_documented","mobile_web_fallback","StudioManager","security","/estudio/calendario","critical","true","tdf-hq/assets/feature-registry.json | tdf-hq/src/TDF/Catalog/Security.hs | docs/feature-discoverability-audit/2026-08-21/role-module-feature-action-platform-matrix.csv | tdf-hq/assets/feature-registry.json"
"roles.intern","Roles, permisos y acceso directo","Intern no puede ampliar sus propios permisos","required_dependency_of_studio_workflow","implemented_and_accessible","available_with_intern_or_public_test_identity","implementation_and_route_evidence_documented","mobile_web_fallback","Intern","security","/practicas","critical","true","tdf-hq/assets/feature-registry.json | tdf-hq/src/TDF/Catalog/Security.hs | docs/feature-discoverability-audit/2026-08-21/role-module-feature-action-platform-matrix.csv | tdf-hq/assets/feature-registry.json"
"roles.direct-api","Roles, permisos y acceso directo","La API rechaza operaciones sin permiso","required_dependency_of_studio_workflow","implemented_but_inaccessible_to_intended_role","requires_approved_temporary_permission_or_scoped_staging_persona","implementation_and_route_evidence_documented","not_available_on_mobile","Intern","security","/api","critical","true","tdf-hq/assets/feature-registry.json | tdf-hq/src/TDF/Catalog/Security.hs | docs/feature-discoverability-audit/2026-08-21/role-module-feature-action-platform-matrix.csv | tdf-hq/assets/feature-registry.json"
"roles.temporary-access","Roles, permisos y acceso directo","Solicitud y aprobación temporal de permiso","required_dependency_of_studio_workflow","implemented_and_accessible","available_with_intern_or_public_test_identity","implementation_and_route_evidence_documented","web_only | not_available_on_mobile","Intern","workflow","/practicas","critical","true","tdf-hq/assets/feature-registry.json | tdf-hq/src/TDF/Catalog/Security.hs | docs/feature-discoverability-audit/2026-08-21/role-module-feature-action-platform-matrix.csv | tdf-hq/assets/feature-registry.json"
"roles.expiry","Roles, permisos y acceso directo","Vencimiento del permiso temporal","required_dependency_of_studio_workflow","partially_implemented","requires_approved_temporary_permission_or_scoped_staging_persona","implementation_and_route_evidence_documented","web_only | not_available_on_mobile","Intern","security","/practicas","critical","true","tdf-hq/assets/feature-registry.json | tdf-hq/src/TDF/Catalog/Security.hs | docs/feature-discoverability-audit/2026-08-21/role-module-feature-action-platform-matrix.csv | tdf-hq/assets/feature-registry.json"
"intern.clock","Prácticas y reportes internos","Registrar entrada y salida","required_dependency_of_studio_workflow","implemented_and_accessible","available_with_intern_or_public_test_identity","implementation_and_route_evidence_documented","mobile_web_fallback","Intern","workflow","/practicas","high","true","tdf-hq-ui/src/pages/InternshipsPage.tsx | tdf-hq-ui/src/pages/InternAuditPlanPage.tsx | tdf-hq-ui/src/pages/InternalFeedbackPage.tsx | tdf-hq/src/TDF/ServerInternAudit.hs | tdf-hq/src/TDF/ServerFeedback.hs | tdf-hq/assets/feature-registry.json"
"intern.task-privacy","Prácticas y reportes internos","Sólo el pasante correcto ve la tarea","required_dependency_of_studio_workflow","implemented_and_accessible","available_with_intern_or_public_test_identity","implementation_and_route_evidence_documented","mobile_web_fallback","Intern","security","/practicas","critical","true","tdf-hq-ui/src/pages/InternshipsPage.tsx | tdf-hq-ui/src/pages/InternAuditPlanPage.tsx | tdf-hq-ui/src/pages/InternalFeedbackPage.tsx | tdf-hq/src/TDF/ServerInternAudit.hs | tdf-hq/src/TDF/ServerFeedback.hs | tdf-hq/assets/feature-registry.json"
"intern.protected-fields","Prácticas y reportes internos","Intern no edita campos protegidos","required_dependency_of_studio_workflow","implemented_and_accessible","available_with_intern_or_public_test_identity","implementation_and_route_evidence_documented","mobile_web_fallback","Intern","security","/practicas/tareas/:taskId","critical","true","tdf-hq-ui/src/pages/InternshipsPage.tsx | tdf-hq-ui/src/pages/InternAuditPlanPage.tsx | tdf-hq-ui/src/pages/InternalFeedbackPage.tsx | tdf-hq/src/TDF/ServerInternAudit.hs | tdf-hq/src/TDF/ServerFeedback.hs | tdf-hq/assets/feature-registry.json"
"intern.audit-cases","Prácticas y reportes internos","Lista estructurada de casos","required_dependency_of_studio_workflow","implemented_and_accessible","available_with_intern_or_public_test_identity","implementation_and_route_evidence_documented","mobile_web_fallback","Intern","workflow","/practicas/auditorias/:planId","critical","true","tdf-hq-ui/src/pages/InternshipsPage.tsx | tdf-hq-ui/src/pages/InternAuditPlanPage.tsx | tdf-hq-ui/src/pages/InternalFeedbackPage.tsx | tdf-hq/src/TDF/ServerInternAudit.hs | tdf-hq/src/TDF/ServerFeedback.hs | tdf-hq/assets/feature-registry.json"
"intern.executions","Prácticas y reportes internos","Ejecuciones e historial de retest","required_dependency_of_studio_workflow","implemented_and_accessible","available_with_intern_or_public_test_identity","implementation_and_route_evidence_documented","mobile_web_fallback","Intern","workflow","/practicas/auditorias/:planId","critical","true","tdf-hq-ui/src/pages/InternshipsPage.tsx | tdf-hq-ui/src/pages/InternAuditPlanPage.tsx | tdf-hq-ui/src/pages/InternalFeedbackPage.tsx | tdf-hq/src/TDF/ServerInternAudit.hs | tdf-hq/src/TDF/ServerFeedback.hs | tdf-hq/assets/feature-registry.json"
"intern.auto-progress","Prácticas y reportes internos","Avance calculado automáticamente","required_dependency_of_studio_workflow","implemented_and_accessible","available_with_intern_or_public_test_identity","implementation_and_route_evidence_documented","mobile_web_fallback","Intern","workflow","/practicas/auditorias/:planId","critical","true","tdf-hq-ui/src/pages/InternshipsPage.tsx | tdf-hq-ui/src/pages/InternAuditPlanPage.tsx | tdf-hq-ui/src/pages/InternalFeedbackPage.tsx | tdf-hq/src/TDF/ServerInternAudit.hs | tdf-hq/src/TDF/ServerFeedback.hs | tdf-hq/assets/feature-registry.json"
"intern.completion-gate","Prácticas y reportes internos","Bloqueo de finalización incompleta","required_dependency_of_studio_workflow","implemented_and_accessible","available_with_intern_or_public_test_identity","implementation_and_route_evidence_documented","mobile_web_fallback","Intern","security","/practicas/auditorias/:planId","critical","true","tdf-hq-ui/src/pages/InternshipsPage.tsx | tdf-hq-ui/src/pages/InternAuditPlanPage.tsx | tdf-hq-ui/src/pages/InternalFeedbackPage.tsx | tdf-hq/src/TDF/ServerInternAudit.hs | tdf-hq/src/TDF/ServerFeedback.hs | tdf-hq/assets/feature-registry.json"
"intern.daily-summary","Prácticas y reportes internos","Resumen de cada jornada","required_dependency_of_studio_workflow","implemented_and_accessible","available_with_intern_or_public_test_identity","implementation_and_route_evidence_documented","mobile_web_fallback","Intern","workflow","/practicas/auditorias/:planId","high","true","tdf-hq-ui/src/pages/InternshipsPage.tsx | tdf-hq-ui/src/pages/InternAuditPlanPage.tsx | tdf-hq-ui/src/pages/InternalFeedbackPage.tsx | tdf-hq/src/TDF/ServerInternAudit.hs | tdf-hq/src/TDF/ServerFeedback.hs | tdf-hq/assets/feature-registry.json"
"intern.final-summary","Prácticas y reportes internos","Resumen final generado y conclusiones","required_dependency_of_studio_workflow","implemented_and_accessible","available_with_intern_or_public_test_identity","implementation_and_route_evidence_documented","mobile_web_fallback","Intern","workflow","/practicas/auditorias/:planId","high","true","tdf-hq-ui/src/pages/InternshipsPage.tsx | tdf-hq-ui/src/pages/InternAuditPlanPage.tsx | tdf-hq-ui/src/pages/InternalFeedbackPage.tsx | tdf-hq/src/TDF/ServerInternAudit.hs | tdf-hq/src/TDF/ServerFeedback.hs | tdf-hq/assets/feature-registry.json"
"feedback.public-compatibility","Prácticas y reportes internos","Formulario público existente","shared_with_another_tdf_business_area","implemented_and_accessible","available_with_intern_or_public_test_identity","implementation_and_route_evidence_documented","native_mobile | mobile_web_fallback","Visitante","public","/feedback","critical","true","tdf-hq-ui/src/pages/InternshipsPage.tsx | tdf-hq-ui/src/pages/InternAuditPlanPage.tsx | tdf-hq-ui/src/pages/InternalFeedbackPage.tsx | tdf-hq/src/TDF/ServerInternAudit.hs | tdf-hq/src/TDF/ServerFeedback.hs | tdf-hq/assets/feature-registry.json"
"feedback.internal-draft","Prácticas y reportes internos","Crear y editar borrador interno","required_dependency_of_studio_workflow","implemented_and_accessible","available_with_intern_or_public_test_identity","implementation_and_route_evidence_documented","mobile_web_fallback","Intern","mutation","/feedback/interno/nuevo","critical","true","tdf-hq-ui/src/pages/InternshipsPage.tsx | tdf-hq-ui/src/pages/InternAuditPlanPage.tsx | tdf-hq-ui/src/pages/InternalFeedbackPage.tsx | tdf-hq/src/TDF/ServerInternAudit.hs | tdf-hq/src/TDF/ServerFeedback.hs | tdf-hq/assets/feature-registry.json"
"feedback.internal-submit","Prácticas y reportes internos","Enviar y seguir reporte interno","required_dependency_of_studio_workflow","implemented_and_accessible","available_with_intern_or_public_test_identity","implementation_and_route_evidence_documented","mobile_web_fallback","Intern","workflow","/feedback/interno","critical","true","tdf-hq-ui/src/pages/InternshipsPage.tsx | tdf-hq-ui/src/pages/InternAuditPlanPage.tsx | tdf-hq-ui/src/pages/InternalFeedbackPage.tsx | tdf-hq/src/TDF/ServerInternAudit.hs | tdf-hq/src/TDF/ServerFeedback.hs | tdf-hq/assets/feature-registry.json"
"feedback.private-scope","Prácticas y reportes internos","Privacidad entre reporteros","required_dependency_of_studio_workflow","implemented_and_accessible","available_with_intern_or_public_test_identity","implementation_and_route_evidence_documented","mobile_web_fallback","Intern","security","/feedback/interno","critical","true","tdf-hq-ui/src/pages/InternshipsPage.tsx | tdf-hq-ui/src/pages/InternAuditPlanPage.tsx | tdf-hq-ui/src/pages/InternalFeedbackPage.tsx | tdf-hq/src/TDF/ServerInternAudit.hs | tdf-hq/src/TDF/ServerFeedback.hs | tdf-hq/assets/feature-registry.json"
"feedback.admin-triage","Prácticas y reportes internos","Confirmar, priorizar, asignar y resolver","required_dependency_of_studio_workflow","implemented_but_inaccessible_to_intended_role","requires_approved_temporary_permission_or_scoped_staging_persona","implementation_and_route_evidence_documented","mobile_web_fallback","Manager","workflow","/feedback/interno","critical","true","tdf-hq-ui/src/pages/InternshipsPage.tsx | tdf-hq-ui/src/pages/InternAuditPlanPage.tsx | tdf-hq-ui/src/pages/InternalFeedbackPage.tsx | tdf-hq/src/TDF/ServerInternAudit.hs | tdf-hq/src/TDF/ServerFeedback.hs | tdf-hq/assets/feature-registry.json"
"feedback.comments-info","Prácticas y reportes internos","Comentarios y solicitud de información","required_dependency_of_studio_workflow","implemented_and_accessible","available_with_intern_or_public_test_identity","implementation_and_route_evidence_documented","mobile_web_fallback","Intern","workflow","/feedback/interno/:reportId","high","true","tdf-hq-ui/src/pages/InternshipsPage.tsx | tdf-hq-ui/src/pages/InternAuditPlanPage.tsx | tdf-hq-ui/src/pages/InternalFeedbackPage.tsx | tdf-hq/src/TDF/ServerInternAudit.hs | tdf-hq/src/TDF/ServerFeedback.hs | tdf-hq/assets/feature-registry.json"
"feedback.evidence","Prácticas y reportes internos","Múltiples evidencias y enlaces de video","required_dependency_of_studio_workflow","implemented_and_accessible","available_with_intern_or_public_test_identity","implementation_and_route_evidence_documented","mobile_web_fallback","Intern","security","/feedback/interno/:reportId","critical","true","tdf-hq-ui/src/pages/InternshipsPage.tsx | tdf-hq-ui/src/pages/InternAuditPlanPage.tsx | tdf-hq-ui/src/pages/InternalFeedbackPage.tsx | tdf-hq/src/TDF/ServerInternAudit.hs | tdf-hq/src/TDF/ServerFeedback.hs | tdf-hq/assets/feature-registry.json"
"feedback.duplicates","Prácticas y reportes internos","Advertencia y consolidación de duplicados","required_dependency_of_studio_workflow","implemented_and_accessible","available_with_intern_or_public_test_identity","implementation_and_route_evidence_documented","mobile_web_fallback","Manager","workflow","/feedback/interno/:reportId","high","true","tdf-hq-ui/src/pages/InternshipsPage.tsx | tdf-hq-ui/src/pages/InternAuditPlanPage.tsx | tdf-hq-ui/src/pages/InternalFeedbackPage.tsx | tdf-hq/src/TDF/ServerInternAudit.hs | tdf-hq/src/TDF/ServerFeedback.hs | tdf-hq/assets/feature-registry.json"
"feedback.retest","Prácticas y reportes internos","Solicitud y registro de retest","required_dependency_of_studio_workflow","implemented_and_accessible","available_with_intern_or_public_test_identity","implementation_and_route_evidence_documented","mobile_web_fallback","Intern","workflow","/feedback/interno/:reportId","critical","true","tdf-hq-ui/src/pages/InternshipsPage.tsx | tdf-hq-ui/src/pages/InternAuditPlanPage.tsx | tdf-hq-ui/src/pages/InternalFeedbackPage.tsx | tdf-hq/src/TDF/ServerInternAudit.hs | tdf-hq/src/TDF/ServerFeedback.hs | tdf-hq/assets/feature-registry.json"
"feedback.audit-history","Prácticas y reportes internos","Historial auditable de cambios","required_dependency_of_studio_workflow","implemented_and_accessible","available_with_intern_or_public_test_identity","implementation_and_route_evidence_documented","mobile_web_fallback","Manager","read","/feedback/interno/:reportId","critical","true","tdf-hq-ui/src/pages/InternshipsPage.tsx | tdf-hq-ui/src/pages/InternAuditPlanPage.tsx | tdf-hq-ui/src/pages/InternalFeedbackPage.tsx | tdf-hq/src/TDF/ServerInternAudit.hs | tdf-hq/src/TDF/ServerFeedback.hs | tdf-hq/assets/feature-registry.json"
"feedback.export","Prácticas y reportes internos","Búsqueda, filtros y exportación CSV/JSON","required_dependency_of_studio_workflow","implemented_but_inaccessible_to_intended_role","requires_approved_temporary_permission_or_scoped_staging_persona","implementation_and_route_evidence_documented","mobile_web_fallback","Manager","read","/feedback/interno","high","true","tdf-hq-ui/src/pages/InternshipsPage.tsx | tdf-hq-ui/src/pages/InternAuditPlanPage.tsx | tdf-hq-ui/src/pages/InternalFeedbackPage.tsx | tdf-hq/src/TDF/ServerInternAudit.hs | tdf-hq/src/TDF/ServerFeedback.hs | tdf-hq/assets/feature-registry.json"
"feedback.github-promotion","Prácticas y reportes internos","Enlace administrativo a issue de GitHub","required_dependency_of_studio_workflow","implemented_but_inaccessible_to_intended_role","requires_approved_temporary_permission_or_scoped_staging_persona","implementation_and_route_evidence_documented","mobile_web_fallback","Manager","security","/feedback/interno/:reportId","high","true","tdf-hq-ui/src/pages/InternshipsPage.tsx | tdf-hq-ui/src/pages/InternAuditPlanPage.tsx | tdf-hq-ui/src/pages/InternalFeedbackPage.tsx | tdf-hq/src/TDF/ServerInternAudit.hs | tdf-hq/src/TDF/ServerFeedback.hs | tdf-hq/assets/feature-registry.json"
"out.distribution-publishing","Scope exclusions","Publicar o distribuir música real","out_of_scope","implemented_and_accessible_to_authorized_label_roles","prohibited","documented_scope_exclusion","web_only | native_mobile","LabelRep","prohibited","/label/releases","critical","false","tdf-hq/assets/feature-registry.json | docs/persona-testing/README.md"
"out.production-mutations","Scope exclusions","Modificar datos de producción","out_of_scope","prohibited_for_assignment","prohibited","documented_scope_exclusion","not_applicable","Intern","prohibited","","critical","false","docs/internships/studio-audit/STUART-GUIDE.es.md"
"out.real-communications","Scope exclusions","Contactar clientes o destinatarios reales","out_of_scope","prohibited_for_assignment","prohibited","documented_scope_exclusion","not_applicable","Intern","prohibited","","critical","false","docs/internships/studio-audit/SECURITY-PRIVACY.md"
"out.real-payments","Scope exclusions","Cobrar o reembolsar dinero real","out_of_scope","prohibited_for_assignment","prohibited","documented_scope_exclusion","not_applicable","Intern","prohibited","","critical","false","docs/internships/studio-audit/SECURITY-PRIVACY.md"
